ClaimID,ActualClass,PredictedClass,Correct,Confidence,Probability_InvalidClaim,Probability_ManualReview,Probability_ValidClaim
CLM01245,Manual Review,Valid Claim,False,0.9432564244399038,0.0223056875900515,0.0344378879700447,0.9432564244399038
CLM00354,Invalid Claim,Valid Claim,False,0.935072273909074,0.0255228465922596,0.0394048794986663,0.935072273909074
CLM01170,Manual Review,Valid Claim,False,0.928197335736381,0.0258659170765971,0.0459367471870218,0.928197335736381
CLM00322,Invalid Claim,Manual Review,False,0.9216892868126466,0.0691929895475996,0.9216892868126466,0.0091177236397537
CLM00716,Invalid Claim,Valid Claim,False,0.9206056011134428,0.0240801214389132,0.0553142774476439,0.9206056011134428
CLM01366,Manual Review,Valid Claim,False,0.8880164710501413,0.016799250951981,0.0951842779978777,0.8880164710501413
CLM00286,Manual Review,Valid Claim,False,0.859455769104079,0.0405247746304514,0.1000194562654696,0.859455769104079
CLM00743,Invalid Claim,Valid Claim,False,0.8202845610545598,0.025179563612584,0.1545358753328561,0.8202845610545598
CLM01237,Manual Review,Valid Claim,False,0.8202845610545598,0.025179563612584,0.1545358753328561,0.8202845610545598
CLM00741,Valid Claim,Manual Review,False,0.6117737874036047,0.0431003936556382,0.6117737874036047,0.3451258189407571
