id,catalog_code,product_name,category,brand,model_number,standard_warranty_months,warranty_provider,active
1,CAT-NB14,NovaBook 14 Ultra,Laptop,NovaTech,NB14-2026,24,NovaTech Official Care,1
2,CAT-TPT14,ThinkPad T14 Gen 4,Laptop,Lenovo,21HD0001US,24,Lenovo Premier Support,1
3,CAT-S24U,Galaxy S24 Ultra,Smartphone,Samsung,SM-S928B,12,Samsung Care+,1
4,CAT-U2724D,UltraSharp 27 4K Monitor,Monitor,Dell,U2724D,36,Dell Advanced Exchange,1
5,CAT-LJ4103,LaserJet Pro MFP 4103fdw,Printer,HP,4103fdw,12,HP Commercial Support,1
6,CAT-IP16P,iPhone 16 Pro Max,Smartphone,Apple,A3297,12,AppleCare Service,1
7,CAT-MBP16,MacBook Pro 16 M3 Max,Laptop,Apple,A2991,12,AppleCare Service,1
8,CAT-XPS15,Dell XPS 15 9530,Laptop,Dell,XPS9530,24,Dell ProSupport,1
9,CAT-IPAD11,iPad Pro 11-inch M4,Tablet,Apple,A2836,12,AppleCare Service,1
10,CAT-TAB9,Galaxy Tab S9 Ultra,Tablet,Samsung,SM-X910,12,Samsung Care+,1
