Iteration,Attempt,FeatureCount,CandidateRemoved,CandidateReason,Decision,ValidationAccuracy,ValidationMacroF1,DeltaVsPreviousF1,DeltaVsBaselineF1
0,0,46,,Baseline,BASELINE,0.9644444444444444,0.964524532428204,0.0,0.0
1,1,45,RandomScore,Known noise + low permutation importance,ACCEPT_REMOVE,0.9688888888888889,0.9689450135405627,0.0044204811123587096,0.0044204811123587096
2,2,44,BrowserFamily,Known noise + low permutation importance,ACCEPT_REMOVE,0.9688888888888889,0.9689450135405627,0.0,0.0044204811123587096
3,3,43,UiTheme,Known noise + low permutation importance,ACCEPT_REMOVE,0.9688888888888889,0.9689450135405627,0.0,0.0044204811123587096
4,4,42,DamageType,Known redundancy + low permutation importance,ACCEPT_REMOVE,0.9733333333333334,0.9734165669815097,0.004471553440946963,0.008892034553305672
5,5,41,HasPreviousReplacement,Known redundancy + low permutation importance,ACCEPT_REMOVE,0.9733333333333334,0.9734165669815097,0.0,0.008892034553305672
5,6,41,HasRepairHistory,Known redundancy + low permutation importance,REJECT_REMOVE,0.9733333333333334,0.9734165669815097,0.0,0.008892034553305672
5,7,41,PreviousRepair,Known redundancy + low permutation importance,REJECT_REMOVE,0.9733333333333334,0.9734165669815097,0.0,0.008892034553305672
6,8,40,PreviousRepairCost,Known redundancy + low permutation importance,ACCEPT_REMOVE,0.9733333333333334,0.9734165669815097,0.0,0.008892034553305672
7,9,39,PreviousReplacement,Known redundancy + low permutation importance,ACCEPT_REMOVE,0.9733333333333334,0.9734165669815097,0.0,0.008892034553305672
7,10,39,PurchaseProofAvailable,Known redundancy + low permutation importance,REJECT_REMOVE,0.9733333333333334,0.9734165669815097,0.0,0.008892034553305672
8,11,38,ReceiptAvailable,Known redundancy + low permutation importance,ACCEPT_REMOVE,0.9733333333333334,0.9734165669815097,0.0,0.008892034553305672
8,12,38,RepairReportAvailable,Known redundancy + low permutation importance,REJECT_REMOVE,0.9733333333333334,0.9734165669815097,0.0,0.008892034553305672
9,13,37,RepairAuthorized,Known redundancy + low permutation importance,ACCEPT_REMOVE,0.9733333333333334,0.9734165669815097,0.0,0.008892034553305672
9,14,37,SubmissionMinute,Known noise + low permutation importance,REJECT_REMOVE,0.9733333333333334,0.9734165669815097,0.0,0.008892034553305672
9,15,37,AvailableDocumentCount,Known redundancy + low permutation importance,REJECT_REMOVE,0.9733333333333334,0.9734165669815097,0.0,0.008892034553305672
10,16,36,ProductAgeDays,Low permutation importance,ACCEPT_REMOVE,0.9733333333333334,0.9734165669815097,0.0,0.008892034553305672
11,17,35,SerialEvidenceAvailable,Low permutation importance,ACCEPT_REMOVE,0.9733333333333334,0.9734165669815097,0.0,0.008892034553305672
12,18,34,Brand,Low permutation importance,ACCEPT_REMOVE,0.9733333333333334,0.9734165669815097,0.0,0.008892034553305672
13,19,33,ClaimDayOfWeek,Low permutation importance,ACCEPT_REMOVE,0.9733333333333334,0.9734165669815097,0.0,0.008892034553305672
13,20,33,ClaimAmount,Low permutation importance,REJECT_REMOVE,0.9733333333333334,0.9734165669815097,0.0,0.008892034553305672
14,21,32,ClaimMonth,Low permutation importance,ACCEPT_REMOVE,0.9733333333333334,0.9734165669815097,0.0,0.008892034553305672
14,22,32,ClaimSubmissionChannel,Low permutation importance,REJECT_REMOVE,0.9733333333333334,0.9734165669815097,0.0,0.008892034553305672
15,23,31,DocumentDuplicateIndicator,Low permutation importance,ACCEPT_REMOVE,0.9733333333333334,0.9734165669815097,0.0,0.008892034553305672
16,24,30,ExtendedWarranty,Low permutation importance,ACCEPT_REMOVE,0.9733333333333334,0.9734165669815097,0.0,0.008892034553305672
17,25,29,FaultEvidenceAvailable,Low permutation importance,ACCEPT_REMOVE,0.9733333333333334,0.9734165669815097,0.0,0.008892034553305672
17,26,29,PriorClaimCount,Low permutation importance,REJECT_REMOVE,0.9733333333333334,0.9734165669815097,0.0,0.008892034553305672
18,27,28,ProductCategory,Low permutation importance,ACCEPT_REMOVE,0.9733333333333334,0.9734165669815097,0.0,0.008892034553305672
19,28,27,FaultType,Low permutation importance,ACCEPT_REMOVE,0.9733333333333334,0.9734165669815097,0.0,0.008892034553305672
20,29,26,ProductImageAvailable,Low permutation importance,ACCEPT_REMOVE,0.9733333333333334,0.9734165669815097,0.0,0.008892034553305672
21,30,25,OCRQualityBand,Low permutation importance,ACCEPT_REMOVE,0.9733333333333334,0.9734165669815097,0.0,0.008892034553305672
22,31,24,ReplacementWithinWarranty,Low permutation importance,ACCEPT_REMOVE,0.9733333333333334,0.9734165669815097,0.0,0.008892034553305672
23,32,23,WarrantyDurationMonths,Low permutation importance,ACCEPT_REMOVE,0.9733333333333334,0.9734165669815097,0.0,0.008892034553305672
