Feature,Selected,FrozenForModelComparison
WarrantyCardAvailable,True,True
RepairReportAvailable,True,True
PreviousRepair,True,True
RepairCount,True,True
SerialNumberMatch,True,True
ProductModelConsistent,True,True
DuplicateClaimIndicator,True,True
ContradictionIndicator,True,True
PriorClaimCount,True,True
ClaimAmount,True,True
OCRConfidence,True,True
ClaimSubmissionChannel,True,True
ClaimReportingDelayDays,True,True
WarrantyRemainingDays,True,True
WarrantyStatus,True,True
ClaimReportingWithinPeriod,True,True
FaultCovered,True,True
MissingDocumentCount,True,True
AvailableDocumentCount,True,True
RequiredDocumentsComplete,True,True
PurchaseProofAvailable,True,True
HasRepairHistory,True,True
