Iteration,Feature,ImportanceMean,ImportanceStd,ImportanceLower,CandidateWeak,KnownNoise,KnownRedundancyCandidate
24,AvailableDocumentCount,0.0,0.0,0.0,True,False,True
24,ClaimSubmissionChannel,0.0,0.0,0.0,True,False,False
24,HasRepairHistory,0.0,0.0,0.0,True,False,True
24,PreviousRepair,0.0,0.0,0.0,True,False,True
24,PriorClaimCount,0.0,0.0,0.0,True,False,False
24,RepairReportAvailable,0.0,0.0,0.0,True,False,True
24,PurchaseProofAvailable,0.0005515374445237003,0.001459230916949794,-0.0009076934724260937,True,False,True
24,ClaimReportingDelayDays,0.001135412463976887,0.0029456458142239953,-0.0018102333502471083,True,False,True
24,ClaimAmount,0.0016662150734723519,0.0021511257173218315,-0.00048491064384947966,True,False,False
24,RepairCount,0.002780268222967966,0.0044168432249225365,-0.0016365750019545705,False,False,True
24,SubmissionMinute,0.0027874062656590426,0.00382019477891369,-0.0010327885132546473,False,True,False
24,WarrantyCardAvailable,0.004412299556189603,0.0,0.004412299556189603,False,False,False
24,ContradictionIndicator,0.02091898378601731,0.005290100571950762,0.015628883214066545,False,False,False
24,DuplicateClaimIndicator,0.02125014434562901,0.002971691962245701,0.01827845238338331,False,False,False
24,WarrantyStatus,0.021754855640636506,0.004142491275964159,0.017612364364672346,False,False,True
24,MissingDocumentCount,0.043171671041846216,0.008238136416321063,0.034933534625525155,False,False,True
24,ProductModelConsistent,0.04871937137598495,0.007688557266895819,0.04103081410908913,False,False,False
24,SerialNumberMatch,0.05240155681087161,0.009412082368949725,0.04298947444192188,False,False,False
24,ClaimReportingWithinPeriod,0.05441807508825887,0.01160900292163581,0.04280907216662306,False,False,True
24,OCRConfidence,0.07743544148167382,0.009610991755403399,0.06782444972627041,False,False,False
24,WarrantyRemainingDays,0.14933562666481187,0.01399624941904637,0.1353393772457655,False,False,True
24,RequiredDocumentsComplete,0.17683124350501744,0.017140478000183215,0.15969076550483424,False,False,True
24,FaultCovered,0.19612605825474327,0.02024482011258001,0.17588123814216328,False,False,True
