Feature,Selected
WarrantyCardAvailable,True
RepairReportAvailable,True
PreviousRepair,True
RepairCount,True
SerialNumberMatch,True
ProductModelConsistent,True
DuplicateClaimIndicator,True
ContradictionIndicator,True
PriorClaimCount,True
ClaimAmount,True
OCRConfidence,True
ClaimSubmissionChannel,True
SubmissionMinute,True
ClaimReportingDelayDays,True
WarrantyRemainingDays,True
WarrantyStatus,True
ClaimReportingWithinPeriod,True
FaultCovered,True
MissingDocumentCount,True
AvailableDocumentCount,True
RequiredDocumentsComplete,True
PurchaseProofAvailable,True
HasRepairHistory,True
