Column,Role,Dtype,Rows,MissingCount,MissingPercent,UniqueCount,UniquePercent,IsConstant,IsNearUnique
RecordID,Identifier,str,1500,0,0.0,1500,100.0,False,True
ClaimID,Identifier,str,1500,0,0.0,1500,100.0,False,True
CustomerID,Identifier,str,1500,0,0.0,614,40.9333,False,False
ProductID,Identifier,str,1500,0,0.0,772,51.4667,False,False
ProductCategory,Categorical,str,1500,0,0.0,8,0.5333,False,False
Brand,Categorical,str,1500,15,1.0,5,0.3333,False,False
ModelNumber,Identifier,str,1500,28,1.8667,1419,94.6,False,False
SerialNumber,Identifier,str,1500,16,1.0667,1484,98.9333,False,True
PurchaseDate,Date,str,1500,9,0.6,825,55.0,False,False
ClaimDate,Date,str,1500,12,0.8,768,51.2,False,False
FaultDate,Date,str,1500,7,0.4667,789,52.6,False,False
WarrantyDurationMonths,Numeric,float64,1500,9,0.6,3,0.2,False,False
ExtendedWarranty,Categorical,str,1500,0,0.0,2,0.1333,False,False
FaultType,Categorical,str,1500,0,0.0,12,0.8,False,False
DamageType,Categorical,str,1500,0,0.0,8,0.5333,False,False
ReceiptAvailable,Categorical,str,1500,79,5.2667,2,0.1333,False,False
WarrantyCardAvailable,Categorical,str,1500,92,6.1333,2,0.1333,False,False
ProductImageAvailable,Categorical,str,1500,58,3.8667,2,0.1333,False,False
SerialEvidenceAvailable,Categorical,str,1500,61,4.0667,2,0.1333,False,False
FaultEvidenceAvailable,Categorical,str,1500,105,7.0,2,0.1333,False,False
RepairReportAvailable,Categorical,str,1500,134,8.9333,3,0.2,False,False
PreviousRepair,Categorical,str,1500,0,0.0,2,0.1333,False,False
RepairCount,Numeric,float64,1500,7,0.4667,5,0.3333,False,False
RepairAuthorized,Categorical,str,1500,0,0.0,4,0.2667,False,False
PreviousReplacement,Categorical,str,1500,0,0.0,2,0.1333,False,False
ReplacementWithinWarranty,Categorical,str,1500,0,0.0,3,0.2,False,False
SerialNumberMatch,Categorical,str,1500,0,0.0,3,0.2,False,False
ProductModelConsistent,Categorical,str,1500,0,0.0,2,0.1333,False,False
DuplicateClaimIndicator,Categorical,str,1500,0,0.0,2,0.1333,False,False
DocumentDuplicateIndicator,Categorical,str,1500,0,0.0,2,0.1333,False,False
ContradictionIndicator,Categorical,str,1500,0,0.0,2,0.1333,False,False
PriorClaimCount,Numeric,float64,1500,2,0.1333,8,0.5333,False,False
ClaimAmount,Numeric,float64,1500,50,3.3333,1449,96.6,False,True
PreviousRepairCost,Numeric,float64,1500,134,8.9333,364,24.2667,False,False
OCRConfidence,Numeric,float64,1500,50,3.3333,384,25.6,False,False
ClaimSubmissionChannel,Categorical,str,1500,0,0.0,4,0.2667,False,False
ClaimClass,Target,str,1500,0,0.0,3,0.2,False,False
BrowserFamily,KnownNoise,str,1500,0,0.0,5,0.3333,False,False
SubmissionMinute,KnownNoise,int64,1500,0,0.0,60,4.0,False,False
UiTheme,KnownNoise,str,1500,0,0.0,3,0.2,False,False
RandomScore,KnownNoise,float64,1500,0,0.0,1499,99.9333,False,True
InternalBatchCode,Identifier,str,1500,0,0.0,779,51.9333,False,False
