FeatureA,FeatureB,N,PearsonR,PearsonPValue,AbsPearsonR,SpearmanRho,SpearmanPValue,AbsSpearmanRho,MaxAbsoluteAssociation,Strength,RedundancyCandidate
RepairCount,PreviousRepairCost,1360,-0.001183635808757702,0.9652151127598313,0.001183635808757702,0.9448104400158426,0.0,0.9448104400158426,0.9448104400158426,Very strong,True
RepairCount,OCRConfidence,1444,0.019150942584197306,0.4671204206177048,0.019150942584197306,-0.07553511715784178,0.004079444746974007,0.07553511715784178,0.07553511715784178,Weak,False
PreviousRepairCost,OCRConfidence,1318,-0.03869698896480576,0.16030132552822313,0.03869698896480576,-0.07136741767546692,0.009547832129178714,0.07136741767546692,0.07136741767546692,Weak,False
PreviousRepairCost,SubmissionMinute,1366,-0.040285491395272814,0.1367060285238264,0.040285491395272814,0.00420417672135484,0.8766301892915142,0.00420417672135484,0.040285491395272814,Weak,False
ClaimAmount,RandomScore,1450,-0.004532634588619243,0.8630840663278494,0.004532634588619243,0.04015403939278174,0.12643360475986162,0.04015403939278174,0.04015403939278174,Weak,False
OCRConfidence,SubmissionMinute,1450,0.04008488603233604,0.1270886306263765,0.04008488603233604,0.026647866838947223,0.31057058634233775,0.026647866838947223,0.04008488603233604,Weak,False
PriorClaimCount,ClaimAmount,1448,-0.0029375653748875243,0.9110726246669665,0.0029375653748875243,0.03796148665644949,0.14879355707062206,0.03796148665644949,0.03796148665644949,Weak,False
PriorClaimCount,OCRConfidence,1448,0.037219422588721345,0.15690349952854754,0.037219422588721345,0.005014073388683261,0.8488116226081647,0.005014073388683261,0.037219422588721345,Weak,False
ClaimAmount,PreviousRepairCost,1317,0.033392692587774345,0.22588606602004369,0.033392692587774345,0.0018974641641906246,0.9451531247380771,0.0018974641641906246,0.033392692587774345,Weak,False
WarrantyDurationMonths,RandomScore,1491,-0.031995953780893066,0.21692180127391003,0.031995953780893066,-0.030767344632047455,0.23510197205582156,0.030767344632047455,0.031995953780893066,Weak,False
RepairCount,RandomScore,1493,-0.018127428344470974,0.4839878545526399,0.018127428344470974,-0.03199176136219113,0.21667349036237446,0.03199176136219113,0.03199176136219113,Weak,False
PreviousRepairCost,RandomScore,1366,-0.019078603425416354,0.481088429508753,0.019078603425416354,-0.03188662002456827,0.23890341842416077,0.03188662002456827,0.03188662002456827,Weak,False
SubmissionMinute,RandomScore,1500,-0.030929331845006867,0.23123809628652522,0.030929331845006867,-0.03036364316043689,0.2398869296251624,0.03036364316043689,0.030929331845006867,Weak,False
ClaimAmount,OCRConfidence,1404,-0.025751244503017495,0.33494601786524086,0.025751244503017495,0.009665696378445403,0.7174571011910762,0.009665696378445403,0.025751244503017495,Weak,False
WarrantyDurationMonths,OCRConfidence,1441,-0.025302535468638046,0.337147231201216,0.025302535468638046,-0.012727333579047637,0.6292829811515369,0.012727333579047637,0.025302535468638046,Weak,False
ClaimAmount,SubmissionMinute,1450,-0.021860459900319876,0.4055201398660265,0.021860459900319876,0.023019728960985676,0.3810706615777877,0.023019728960985676,0.023019728960985676,Weak,False
RepairCount,SubmissionMinute,1493,-0.00045742982992650044,0.9859100972619466,0.00045742982992650044,0.021445617422237773,0.4076444062428161,0.021445617422237773,0.021445617422237773,Weak,False
PriorClaimCount,SubmissionMinute,1498,-0.021415938236265745,0.4075087498819069,0.021415938236265745,0.011516470254353782,0.6560479034860981,0.011516470254353782,0.021415938236265745,Weak,False
OCRConfidence,RandomScore,1450,-0.020159617951040897,0.44303912660575007,0.020159617951040897,-0.016349309666331115,0.5338972645060667,0.016349309666331115,0.020159617951040897,Weak,False
WarrantyDurationMonths,RepairCount,1484,0.020153815637640363,0.43786449269182826,0.020153815637640363,-0.011546689275292546,0.6567173550569961,0.011546689275292546,0.020153815637640363,Weak,False
WarrantyDurationMonths,ClaimAmount,1441,0.003501552654198195,0.8943469922633736,0.003501552654198195,-0.0165525777866829,0.5301074759290121,0.0165525777866829,0.0165525777866829,Weak,False
RepairCount,PriorClaimCount,1491,-0.000569569076974696,0.9824682213034885,0.000569569076974696,-0.015091545222580244,0.5603771920403697,0.015091545222580244,0.015091545222580244,Weak,False
WarrantyDurationMonths,PriorClaimCount,1489,-0.007931570659535472,0.7597510219240065,0.007931570659535472,-0.012463880142148172,0.630825330571753,0.012463880142148172,0.012463880142148172,Weak,False
PriorClaimCount,RandomScore,1498,-0.010465476335515379,0.6856768670471328,0.010465476335515379,0.006869307469286168,0.7905080769399978,0.006869307469286168,0.010465476335515379,Weak,False
WarrantyDurationMonths,SubmissionMinute,1491,0.009389745449005596,0.7171468754156756,0.009389745449005596,0.005825470745198324,0.8221699637075937,0.005825470745198324,0.009389745449005596,Weak,False
PriorClaimCount,PreviousRepairCost,1364,-0.003539608669258257,0.8960864443032339,0.003539608669258257,-0.005879738105661187,0.8282430601147173,0.005879738105661187,0.005879738105661187,Weak,False
WarrantyDurationMonths,PreviousRepairCost,1358,-0.0054595010049731645,0.8406949894956073,0.0054595010049731645,-0.0038785112140745626,0.8864511875904307,0.0038785112140745626,0.0054595010049731645,Weak,False
RepairCount,ClaimAmount,1443,-0.004723845145963339,0.8577104352421456,0.004723845145963339,-9.284521006078976e-05,0.997188388498966,9.284521006078976e-05,0.004723845145963339,Weak,False
