FeatureA,FeatureB,N,LevelsA,LevelsB,CramersV,ChiSquarePValue,Strength,RedundancyCandidate
PreviousReplacement,ReplacementWithinWarranty,1500,2,3,0.9996661659062375,0.0,Very strong,True
RepairReportAvailable,PreviousRepair,1343,3,2,0.999627074385689,2.3510150104856585e-292,Very strong,True
PreviousRepair,RepairAuthorized,1500,2,4,0.9993322202928082,0.0,Very strong,True
ProductCategory,ProductSubtype,1500,8,29,0.9929375272271017,0.0,Very strong,True
CustomerIssueArea,FaultDescription,1500,25,77,0.982214723322688,0.0,Very strong,True
FaultType,FaultDescription,1500,12,77,0.9779147224073658,0.0,Very strong,True
FaultDescription,AffectedUnit,1500,77,5,0.8987167253832172,0.0,Very strong,True
CustomerIssueArea,AffectedUnit,1500,25,5,0.8777717617009758,0.0,Very strong,True
ProductCategory,CustomerIssueArea,1500,8,25,0.8265722627811247,0.0,Strong,True
ProductCategory,FaultDescription,1500,8,77,0.8254654596729786,0.0,Strong,True
CustomerIssueArea,ClaimedComponent,1500,25,12,0.732165674076036,0.0,Strong,True
ClaimedComponent,FaultDescription,1500,12,77,0.7266101592987225,0.0,Strong,True
AffectedUnit,InstallationEvidenceAvailable,1500,5,3,0.7130606834931579,0.0,Strong,True
CustomerIssueArea,FaultType,1500,25,12,0.7104280251309542,0.0,Strong,True
RepairReportAvailable,RepairAuthorized,1343,3,4,0.7081207238674421,1.0610280066693156e-288,Strong,True
RecentReinstallationReported,InstallationEvidenceAvailable,1500,4,3,0.7078006433379771,0.0,Strong,True
ConsumableTypeUsed,UsageMeterEvidenceAvailable,1500,4,3,0.7065695077706728,0.0,Strong,True
ProductCategory,InstallationEvidenceAvailable,1500,8,3,0.7042669834430235,0.0,Strong,True
ProductCategory,UsageMeterEvidenceAvailable,1500,8,3,0.7042669834430235,0.0,Strong,True
ClaimedComponent,ServiceDiagnosticAvailable,1500,12,3,0.7032292521030893,4.99094150841726e-305,Strong,True
ClaimedComponent,ScreenFaultImageAvailable,1500,12,3,0.7023674061912991,2.990954511960043e-304,Strong,True
ClaimedComponent,ComponentIdentityEvidenceAvailable,1500,12,3,0.702367406191299,2.9909545119607225e-304,Strong,True
FaultDescription,ComponentIdentityEvidenceAvailable,1500,77,3,0.6991443649803728,4.836275384152166e-243,Moderate,False
ProductSubtype,UsageMeterEvidenceAvailable,1500,29,3,0.6977253263105851,6.888365708074271e-280,Moderate,False
ProductSubtype,InstallationEvidenceAvailable,1500,29,3,0.6958950905185114,2.743273733312183e-278,Moderate,False
FaultDescription,InstallationEvidenceAvailable,1500,77,3,0.6806577330537326,5.058680677064204e-228,Moderate,False
CustomerIssueArea,ComponentIdentityEvidenceAvailable,1500,25,3,0.6787861339661203,1.1431630075447885e-267,Moderate,False
CustomerIssueArea,InstallationEvidenceAvailable,1500,25,3,0.6703919371181599,1.5354453609193933e-260,Moderate,False
FaultDescription,BatteryDiagnosticAvailable,1500,77,3,0.6306015861540651,9.181315858826112e-190,Moderate,False
ClaimedComponent,BatteryDiagnosticAvailable,1500,12,3,0.6052354215939216,6.8596887642800404e-223,Moderate,False
CustomerIssueArea,BatteryDiagnosticAvailable,1500,25,3,0.5861313286654103,3.1071041516924937e-194,Moderate,False
ProductCategory,UsageType,1500,8,4,0.5806310272981345,0.0,Moderate,False
RecentReinstallationReported,AffectedUnit,1500,4,5,0.5787270608148755,0.0,Moderate,False
ProductCategory,ErrorCodeAvailable,1500,8,4,0.57670975409682,2.4727598971254793e-308,Moderate,False
PhysicalDamageReported,ErrorCodeAvailable,1500,4,4,0.576191317999162,0.0,Moderate,False
ProductSubtype,UsageType,1500,29,4,0.575879792345506,3.627635219357529e-273,Moderate,False
ProductCategory,LiquidExposureReported,1500,8,4,0.5754815227805145,5.700706981396937e-307,Moderate,False
ProductSubtype,ForeignObjectIncidentReported,1500,29,4,0.5753775795365451,1.2419252419553275e-272,Moderate,False
ProductCategory,PhysicalDamageReported,1500,8,4,0.5747420831071278,3.757641678079087e-306,Moderate,False
ProductCategory,ForeignObjectIncidentReported,1500,8,4,0.5741498224195594,1.6986790682052694e-305,Moderate,False
ProductCategory,ConsumableTypeUsed,1500,8,4,0.5738663939857148,3.4947222469365543e-305,Moderate,False
ProductCategory,IntermittentIssueReported,1500,8,4,0.5738663939857147,3.494722246936953e-305,Moderate,False
ProductCategory,RecentReinstallationReported,1500,8,4,0.5738663939857147,3.494722246936953e-305,Moderate,False
CustomerIssueArea,UsageMeterEvidenceAvailable,1500,25,3,0.5736480762044804,3.1735110334958264e-185,Moderate,False
ProductSubtype,LiquidExposureReported,1500,29,4,0.5725194233421678,1.3367181078764973e-269,Moderate,False
ProductSubtype,ErrorCodeAvailable,1500,29,4,0.5723514130100706,2.0125512513417437e-269,Moderate,False
ProductSubtype,PhysicalDamageReported,1500,29,4,0.5721517280796258,3.272516326650342e-269,Moderate,False
ProductSubtype,ConsumableTypeUsed,1500,29,4,0.5691452860628021,4.8291616655468575e-266,Moderate,False
ProductSubtype,RecentReinstallationReported,1500,29,4,0.5677886931816772,1.2816411794052443e-264,Moderate,False
ProductSubtype,IntermittentIssueReported,1500,29,4,0.5653612692814032,4.4282690851939686e-262,Moderate,False
FaultDescription,BatterySymptomReported,1500,77,4,0.5638872206051013,6.744018672383631e-215,Moderate,False
FaultDescription,UsageMeterEvidenceAvailable,1500,77,3,0.5605692304231888,3.485385383886995e-142,Moderate,False
FaultDescription,LiquidExposureReported,1500,77,4,0.5561154293777774,1.402606816398273e-207,Moderate,False
FaultDescription,RecentReinstallationReported,1500,77,4,0.5539946551747,1.3224818597770585e-205,Moderate,False
CustomerIssueArea,LiquidExposureReported,1500,25,4,0.5439994144625961,2.264742231740965e-245,Moderate,False
CustomerIssueArea,RecentReinstallationReported,1500,25,4,0.5399633764798323,2.5534386652878252e-241,Moderate,False
FaultDescription,PhysicalDamageReported,1500,77,4,0.5281317799773069,2.6445913205914134e-182,Moderate,False
FaultDescription,ErrorCodeAvailable,1500,77,4,0.5122712646109745,9.979316516076464e-169,Moderate,False
CustomerIssueArea,PhysicalDamageReported,1500,25,4,0.5097344661962121,5.004782799054857e-212,Moderate,False
CustomerIssueArea,ErrorCodeAvailable,1500,25,4,0.5095965884296854,6.740797273379477e-212,Moderate,False
CustomerIssueArea,UsageType,1500,25,4,0.5051079862340999,1.0414778881906867e-207,Moderate,False
ProductCategory,AffectedUnit,1500,8,5,0.49597038427065243,7.38308877180168e-299,Moderate,False
ProductCategory,ClaimedComponent,1500,8,12,0.4950956639481368,0.0,Moderate,False
FaultDescription,UsageType,1500,77,4,0.49504237776202487,1.3528036818804223e-154,Moderate,False
ProductSubtype,AffectedUnit,1500,29,5,0.4913084764202775,8.853772706486755e-253,Moderate,False
FaultType,BatterySymptomReported,1500,12,4,0.48976362520963124,5.537381676619915e-212,Moderate,False
ProductCategory,FaultType,1500,8,12,0.4836810714429036,0.0,Moderate,False
FaultType,PhysicalDamageReported,1500,12,4,0.475897748202365,2.672718343675948e-199,Moderate,False
FaultType,ErrorCodeAvailable,1500,12,4,0.4740529838679517,1.2173075885239376e-197,Moderate,False
ForeignObjectIncidentReported,UsageMeterEvidenceAvailable,1500,4,3,0.45688232273766366,3.935910858604268e-133,Moderate,False
CustomerIssueArea,ConsumableTypeUsed,1500,25,4,0.4496845973176506,2.1385705149344279e-159,Moderate,False
CustomerIssueArea,IntermittentIssueReported,1500,25,4,0.4491772755866217,5.534876536208415e-159,Moderate,False
ProductSubtype,CustomerIssueArea,1500,29,25,0.44665210818010975,0.0,Moderate,False
FaultDescription,IntermittentIssueReported,1500,77,4,0.4430788003456077,7.130402110811089e-116,Moderate,False
PhysicalDamageReported,LiquidExposureReported,1500,4,4,0.43812548172796506,1.0567891526684337e-181,Moderate,False
FaultDescription,ConsumableTypeUsed,1500,77,4,0.4378227104639613,2.7690177932918842e-112,Moderate,False
LiquidExposureReported,ErrorCodeAvailable,1500,4,4,0.4374104967057629,4.261482467191635e-181,Moderate,False
CustomerIssueArea,ForeignObjectIncidentReported,1500,25,4,0.4350270887706487,1.1151546477275901e-147,Moderate,False
FaultType,LiquidExposureReported,1500,12,4,0.42768187905167765,3.3787044665005156e-158,Moderate,False
FaultDescription,ForeignObjectIncidentReported,1500,77,4,0.41755612003977727,5.2098388458115095e-99,Moderate,False
ProductSubtype,FaultDescription,1500,29,77,0.41536409780336203,0.0,Moderate,False
ProductSubtype,Brand,1478,29,5,0.41192049732125746,2.2662005503608235e-164,Moderate,False
ProductCategory,Brand,1478,8,5,0.41125080916100737,6.70614894491873e-198,Moderate,False
FaultType,UsageMeterEvidenceAvailable,1500,12,3,0.41036791376792137,2.103874118005572e-97,Moderate,False
ProductSubtype,ClaimedComponent,1500,29,12,0.38804691438429945,0.0,Weak,False
ProductSubtype,FaultType,1500,29,12,0.38262807340507343,0.0,Weak,False
ForeignObjectIncidentReported,ConsumableTypeUsed,1500,4,4,0.37860069629164345,9.924005411833509e-135,Weak,False
BatterySymptomReported,BatteryDiagnosticAvailable,1500,4,3,0.37047284577312284,5.5828109893816975e-87,Weak,False
Brand,FaultDescription,1478,5,77,0.3651687556920287,4.396695219517674e-89,Weak,False
CustomerIssueArea,Brand,1478,25,5,0.3612824362126306,3.7361438261414844e-124,Weak,False
ClaimedComponent,LiquidExposureReported,1500,12,4,0.357062569050848,1.828418052675236e-106,Weak,False
CustomerIssueArea,BatterySymptomReported,1500,25,4,0.3533936350444358,1.2934747433838178e-90,Weak,False
FaultType,UsageType,1500,12,4,0.3529372943866863,9.35609348663497e-104,Weak,False
ClaimedComponent,UsageMeterEvidenceAvailable,1500,12,3,0.3476844470172459,7.479518555168256e-68,Weak,False
ClaimedComponent,BatterySymptomReported,1500,12,4,0.3457885723492471,3.8313306031159964e-99,Weak,False
UsageType,ErrorCodeAvailable,1500,4,4,0.34013200997912546,4.36778016089083e-108,Weak,False
FaultType,InstallationEvidenceAvailable,1500,12,3,0.33737792504162967,1.6700378770687877e-63,Weak,False
PhysicalDamageReported,UsageType,1500,4,4,0.33721167726844103,3.4964102076725955e-106,Weak,False
FaultType,IntermittentIssueReported,1500,12,4,0.33556318928419676,9.979265968020441e-93,Weak,False
ErrorCodeAvailable,ForeignObjectIncidentReported,1500,4,4,0.3287143312638644,9.683351555254258e-101,Weak,False
PhysicalDamageReported,ForeignObjectIncidentReported,1500,4,4,0.32657966562648955,2.1419745623467696e-99,Weak,False
ClaimedComponent,PhysicalDamageReported,1500,12,4,0.32450254612937895,4.987173882919522e-86,Weak,False
FaultType,ForeignObjectIncidentReported,1500,12,4,0.3222570318424068,1.0645769485067673e-84,Weak,False
FaultType,ConsumableTypeUsed,1500,12,4,0.31303195729835975,2.3965902424587606e-79,Weak,False
ClaimedComponent,ErrorCodeAvailable,1500,12,4,0.31245425027728696,5.116299156500296e-79,Weak,False
Brand,LiquidExposureReported,1478,5,4,0.29863061983617173,1.4921259836632253e-79,Weak,False
DamageType,LiquidExposureReported,1500,23,4,0.297155707045568,6.988900836291978e-61,Weak,False
ErrorCodeAvailable,InstallationEvidenceAvailable,1500,4,3,0.28147525663499745,1.069215125661957e-49,Weak,False
ClaimedComponent,ConsumableTypeUsed,1500,12,4,0.27844906119235097,7.613766616133812e-61,Weak,False
Brand,PhysicalDamageReported,1478,5,4,0.27832361602705186,1.3710174254890038e-68,Weak,False
FaultType,RecentReinstallationReported,1500,12,4,0.27730846223765104,2.81584437118171e-60,Weak,False
PhysicalDamageReported,InstallationEvidenceAvailable,1500,4,3,0.27678227671434597,5.0729093094612784e-48,Weak,False
Brand,ErrorCodeAvailable,1478,5,4,0.27586921285153426,2.5532740467097692e-67,Weak,False
Brand,FaultType,1478,5,12,0.2662305305595876,4.576492136468097e-71,Weak,False
LiquidExposureReported,BatterySymptomReported,1500,4,4,0.26475810369254554,2.2994969044649673e-64,Weak,False
ClaimedComponent,ForeignObjectIncidentReported,1500,12,4,0.26404266763321027,7.192421712698028e-54,Weak,False
ErrorCodeAvailable,UsageMeterEvidenceAvailable,1500,4,3,0.26306005901187896,2.7503722225900106e-43,Weak,False
ProductSubtype,BatterySymptomReported,1500,29,4,0.2628131851521615,1.1215269912743945e-41,Weak,False
Brand,UsageType,1478,5,4,0.2601130286227354,1.892973265926003e-59,Weak,False
ProductCategory,BatterySymptomReported,1500,8,4,0.259445580093236,5.586466256705082e-56,Weak,False
DamageType,PhysicalDamageReported,1500,23,4,0.25821854028680036,4.752074101402191e-43,Weak,False
PhysicalDamageReported,UsageMeterEvidenceAvailable,1500,4,3,0.25750993898745256,1.9204708822898753e-41,Weak,False
LiquidExposureReported,UsageType,1500,4,4,0.2549043204811897,1.7541452446297354e-59,Weak,False
ProductCategory,ServiceDiagnosticAvailable,1500,8,3,0.24782045105758463,1.4010677130946975e-34,Weak,False
LiquidExposureReported,ForeignObjectIncidentReported,1500,4,4,0.2467612043534795,1.358045968776883e-55,Weak,False
ProductSubtype,ServiceDiagnosticAvailable,1500,29,3,0.24413634531742803,1.0056626344979826e-23,Weak,False
ClaimedComponent,InstallationEvidenceAvailable,1500,12,3,0.24292266391920905,1.9420386168158986e-30,Weak,False
ClaimedComponent,IntermittentIssueReported,1500,12,4,0.2380183475334193,2.274787190238567e-42,Weak,False
CustomerIssueArea,ServiceDiagnosticAvailable,1500,25,3,0.23740139051206083,2.5314293260012194e-23,Weak,False
FaultType,AffectedUnit,1500,12,5,0.23452034716509654,1.0071467984145527e-53,Weak,False
ErrorCodeAvailable,AffectedUnit,1500,4,5,0.23225049972082606,1.773499759849744e-47,Weak,False
ErrorCodeAvailable,RecentReinstallationReported,1500,4,4,0.23032340119122505,3.800413349439756e-48,Weak,False
PhysicalDamageReported,RecentReinstallationReported,1500,4,4,0.22458400618195018,1.1291728726536405e-45,Weak,False
PhysicalDamageReported,AffectedUnit,1500,4,5,0.2230908483888868,1.4171416191516565e-43,Weak,False
PhysicalDamageReported,IntermittentIssueReported,1500,4,4,0.22136791054650637,2.5682913128573e-44,Weak,False
ClaimedComponent,UsageType,1500,12,4,0.22056696006677823,1.8610426351597958e-35,Weak,False
ClaimedComponent,Brand,1478,12,5,0.2156135003572627,3.1973217747760965e-43,Weak,False
ErrorCodeAvailable,ConsumableTypeUsed,1500,4,4,0.21538392069589601,7.570856930762329e-42,Weak,False
Brand,UsageMeterEvidenceAvailable,1478,5,3,0.21506329055575762,2.691698715940742e-27,Weak,False
FaultType,ServiceDiagnosticAvailable,1500,12,3,0.21403248920771498,8.420758479242699e-23,Weak,False
ErrorCodeAvailable,IntermittentIssueReported,1500,4,4,0.2138208278866918,3.253710724067871e-41,Weak,False
IntermittentIssueReported,ScreenFaultImageAvailable,1500,4,3,0.21266539826683722,4.8283151389830065e-28,Weak,False
ProductSubtype,BatteryDiagnosticAvailable,1500,29,3,0.2112296818885321,1.955485183216124e-16,Weak,False
ClaimedComponent,FaultType,1500,12,12,0.21076135858457729,1.2691712082488902e-109,Weak,False
Brand,InstallationEvidenceAvailable,1478,5,3,0.21058447996032956,3.990796944747183e-26,Weak,False
ProductCategory,ComponentIdentityEvidenceAvailable,1500,8,3,0.21056545933918,3.0694707353418777e-24,Weak,False
PhysicalDamageReported,ConsumableTypeUsed,1500,4,4,0.2087311199633498,3.4698608694077505e-39,Weak,False
LiquidExposureReported,InstallationEvidenceAvailable,1500,4,3,0.20856640159292175,5.959496323361712e-27,Weak,False
UsageType,ForeignObjectIncidentReported,1500,4,4,0.2073179926214995,1.242012472792771e-38,Weak,False
ProductCategory,BatteryDiagnosticAvailable,1500,8,3,0.20486647323832075,7.947218896150361e-23,Weak,False
FaultDescription,ServiceDiagnosticAvailable,1500,77,3,0.20226492763331694,4.268849615279936e-09,Weak,False
PhysicalDamageReported,BatterySymptomReported,1500,4,4,0.20219054320539614,1.1746062848379773e-36,Weak,False
ErrorCodeAvailable,ServiceDiagnosticAvailable,1500,4,3,0.20137164532297933,4.331991160303526e-25,Weak,False
ProductSubtype,ComponentIdentityEvidenceAvailable,1500,29,3,0.19824678759509476,5.458103284195859e-14,Weak,False
ClaimedComponent,RecentReinstallationReported,1500,12,4,0.19645720609401557,5.7020848687615156e-27,Weak,False
Brand,ForeignObjectIncidentReported,1478,5,4,0.19560311212812326,2.2959749536451545e-32,Weak,False
BatterySymptomReported,ErrorCodeAvailable,1500,4,4,0.19554020234509573,3.5780622507049777e-34,Weak,False
LiquidExposureReported,UsageMeterEvidenceAvailable,1500,4,3,0.1937513946931005,3.4104989576079923e-23,Weak,False
AffectedUnit,ServiceDiagnosticAvailable,1500,5,3,0.1910354388781065,1.1717525406245317e-21,Weak,False
RecentReinstallationReported,ServiceDiagnosticAvailable,1500,4,3,0.19098052404036234,1.5959689929523188e-22,Weak,False
PhysicalDamageReported,ServiceDiagnosticAvailable,1500,4,3,0.19003222247263984,2.691745519916196e-22,Weak,False
InstallationEvidenceAvailable,ServiceDiagnosticAvailable,1500,3,3,0.18360896800975837,8.451561470337841e-22,Weak,False
Brand,ConsumableTypeUsed,1478,5,4,0.18321523470360346,4.0662863722721e-28,Weak,False
ProductCategory,ScreenFaultImageAvailable,1500,8,3,0.17945231574478188,4.495319991976928e-17,Weak,False
LiquidExposureReported,IntermittentIssueReported,1500,4,4,0.17539622706885338,3.405706137574794e-27,Weak,False
ProductCategory,DamageType,1500,8,23,0.17330104367962257,2.1497229777055702e-33,Weak,False
ClaimedComponent,AffectedUnit,1500,12,5,0.168927086663124,2.48006968078882e-24,Weak,False
LiquidExposureReported,RecentReinstallationReported,1500,4,4,0.16837725020365757,5.898418125114117e-25,Weak,False
Brand,RecentReinstallationReported,1478,5,4,0.16794773085808265,2.6210683362365893e-23,Weak,False
LiquidExposureReported,AffectedUnit,1500,4,5,0.16638043511267825,3.2927441246167034e-23,Weak,False
Brand,IntermittentIssueReported,1478,5,4,0.16475928070849558,2.307619651437816e-22,Weak,False
Brand,ServiceDiagnosticAvailable,1478,5,3,0.16390218546689986,1.63482479036897e-15,Weak,False
ClaimedComponent,ExtendedWarranty,1500,12,2,0.15779406856077907,1.246211178548106e-06,Weak,False
LiquidExposureReported,ConsumableTypeUsed,1500,4,4,0.15612393040190245,2.7441210695642536e-21,Weak,False
LiquidExposureReported,BatteryDiagnosticAvailable,1500,4,3,0.15571152825473564,6.80373175821956e-15,Weak,False
DamageType,InstallationEvidenceAvailable,1500,23,3,0.15391514718170538,2.9057355677630683e-08,Weak,False
ProductSubtype,ScreenFaultImageAvailable,1500,29,3,0.1530761364625464,2.4493294513153606e-07,Weak,False
Brand,AffectedUnit,1478,5,5,0.1471073695865831,1.4166729376282789e-22,Weak,False
UsageType,InstallationEvidenceAvailable,1500,4,3,0.14476246185717362,7.243053621531588e-13,Weak,False
FaultDescription,ReplacementWithinWarranty,1500,77,3,0.1426187163050525,0.0008008585278577464,Weak,False
UsageType,ServiceDiagnosticAvailable,1500,4,3,0.14260336964143572,1.7397006592013729e-12,Weak,False
LiquidExposureReported,ServiceDiagnosticAvailable,1500,4,3,0.14163039856674553,2.5697819899859915e-12,Weak,False
ForeignObjectIncidentReported,InstallationEvidenceAvailable,1500,4,3,0.13984226159405008,5.222824883913507e-12,Weak,False
DamageType,UsageMeterEvidenceAvailable,1500,23,3,0.13598172555833918,3.5947855422834864e-06,Weak,False
DamageType,IntermittentIssueReported,1500,23,4,0.134650853283478,3.652392061062195e-08,Weak,False
UsageType,UsageMeterEvidenceAvailable,1500,4,3,0.13397286470274133,4.992691570985275e-11,Weak,False
DamageType,ErrorCodeAvailable,1500,23,4,0.12294201399762143,1.5743631686599015e-06,Weak,False
UsageType,IntermittentIssueReported,1500,4,4,0.12053704490105253,2.2155072633095907e-12,Weak,False
PhysicalDamageReported,ScreenFaultImageAvailable,1500,4,3,0.12027519699923357,6.3612224316163315e-09,Weak,False
PhysicalDamageReported,BatteryDiagnosticAvailable,1500,4,3,0.11906982415795109,9.473423864425994e-09,Weak,False
IntermittentIssueReported,ForeignObjectIncidentReported,1500,4,4,0.11627879996177305,1.721880037252708e-11,Weak,False
IntermittentIssueReported,DuplicateClaimIndicator,1500,4,2,0.11608946756459135,3.662190891068877e-05,Weak,False
UsageType,RecentReinstallationReported,1500,4,4,0.11537620985693584,2.6297751623507597e-11,Weak,False
DamageType,ConsumableTypeUsed,1500,23,4,0.11513079656463894,1.3815341187589389e-05,Weak,False
Brand,BatterySymptomReported,1478,5,4,0.11450811067385659,3.1630855329725676e-10,Weak,False
DamageType,UsageType,1500,23,4,0.11338066633857795,2.1679308960005546e-05,Weak,False
UsageType,AffectedUnit,1500,4,5,0.11244207665767621,5.393670859115254e-10,Weak,False
ErrorCodeAvailable,BatteryDiagnosticAvailable,1500,4,3,0.11197867960278106,8.988847905515867e-08,Weak,False
ForeignObjectIncidentReported,RecentReinstallationReported,1500,4,4,0.11125423266442873,1.7308643540503166e-10,Weak,False
UsageType,ProductModelConsistent,1500,4,2,0.1112516595905562,8.072451311687055e-05,Weak,False
DamageType,ForeignObjectIncidentReported,1500,23,4,0.11095277628727239,3.964724465132172e-05,Weak,False
BatterySymptomReported,UsageType,1500,4,4,0.10925436199130188,4.193127479509231e-10,Weak,False
CustomerIssueArea,ScreenFaultImageAvailable,1500,25,3,0.10858578238965054,0.0011750734295982968,Weak,False
ForeignObjectIncidentReported,AffectedUnit,1500,4,5,0.10820838732690675,3.2412562114639148e-09,Weak,False
FaultDescription,PreviousRepair,1500,77,2,0.10757649393751109,0.08548908408115317,Weak,False
FaultType,ScreenFaultImageAvailable,1500,12,3,0.1063864386980482,8.768958849982997e-05,Weak,False
UsageType,ConsumableTypeUsed,1500,4,4,0.10632670562318901,1.4792006651661485e-09,Weak,False
BatterySymptomReported,ForeignObjectIncidentReported,1500,4,4,0.10529111554751468,2.287705951313252e-09,Weak,False
FaultType,BatteryDiagnosticAvailable,1500,12,3,0.10511571463729837,0.00011425508592675583,Weak,False
DamageType,RecentReinstallationReported,1500,23,4,0.10221586348789656,0.0002847556569644629,Weak,False
AffectedUnit,DocumentDuplicateIndicator,1500,5,2,0.10020394312216384,0.0007670212211465649,Weak,False
DamageType,DocumentDuplicateIndicator,1500,23,2,0.09832172117445828,0.026783244338780255,Weak,False
LiquidExposureReported,ComponentIdentityEvidenceAvailable,1500,4,3,0.09822034593650482,4.491831329991611e-06,Weak,False
FaultType,ComponentIdentityEvidenceAvailable,1500,12,3,0.09731594554989711,0.0005196348753204032,Weak,False
IntermittentIssueReported,InstallationEvidenceAvailable,1500,4,3,0.0960662787274558,7.848050608733977e-06,Weak,False
ProductSubtype,ElectronicWarrantyAvailable,1500,29,2,0.09363897832813373,0.051893128289539764,Weak,False
IntermittentIssueReported,ProductModelConsistent,1500,4,2,0.09272763088155972,0.0011938405613209102,Weak,False
FaultDescription,RepairReportAvailable,1343,76,3,0.09204007216058122,0.09770612166876133,Weak,False
FaultDescription,RepairAuthorized,1500,77,4,0.0907587463913084,0.046099600975666594,Weak,False
BatteryDiagnosticAvailable,PreviousReplacement,1500,3,2,0.0903562564057127,0.0008089511180773907,Weak,False
ExtendedWarranty,ServiceDiagnosticAvailable,1500,2,3,0.0899046025632779,0.0008598512334026984,Weak,False
ContradictionIndicator,BrowserFamily,1500,2,5,0.089839473553664,0.0028862180081869145,Weak,False
FaultDescription,PreviousReplacement,1500,77,2,0.08905100229308159,0.16472618593284583,Weak,False
IntermittentIssueReported,UsageMeterEvidenceAvailable,1500,4,3,0.08807615058744728,5.466913884841542e-05,Weak,False
InstallationEvidenceAvailable,UsageMeterEvidenceAvailable,1500,3,3,0.08778744372138926,1.9047838655039304e-05,Weak,False
DamageType,AffectedUnit,1500,23,5,0.08709215831304987,0.0012805201094575067,Weak,False
BatterySymptomReported,InstallationEvidenceAvailable,1500,4,3,0.0864141353280084,7.980297009785272e-05,Weak,False
FaultDescription,WarrantyCardAvailable,1393,76,2,0.08571219595620783,0.1955272352708653,Weak,False
RecentReinstallationReported,UsageMeterEvidenceAvailable,1500,4,3,0.08389655894686861,0.00013918838235110675,Weak,False
ConsumableTypeUsed,InstallationEvidenceAvailable,1500,4,3,0.0838965589468686,0.000139188382351107,Weak,False
FaultType,DamageType,1500,12,23,0.08367530276874922,2.1488547315876766e-06,Weak,False
CustomerIssueArea,ExtendedWarranty,1500,25,2,0.08286501560235823,0.07932431166624734,Weak,False
ProductSubtype,DamageType,1500,29,23,0.08235806481833093,6.445105423826944e-09,Weak,False
ClaimedComponent,WarrantyCardAvailable,1393,12,2,0.08178467891192417,0.04115787698971335,Weak,False
DamageType,FaultDescription,1500,23,77,0.08175564344553478,0.00013844504518183755,Weak,False
CustomerIssueArea,DamageType,1500,25,23,0.08092552841962442,2.2709286023395837e-09,Weak,False
PhysicalDamageReported,ComponentIdentityEvidenceAvailable,1500,4,3,0.08077368878157429,0.0002698535470695266,Weak,False
IntermittentIssueReported,PreviousReplacement,1500,4,2,0.08074664584950633,0.005148110770336897,Weak,False
AffectedUnit,UsageMeterEvidenceAvailable,1500,5,3,0.07981622598892227,0.0006816575208998999,Weak,False
BatterySymptomReported,UsageMeterEvidenceAvailable,1500,4,3,0.07891000466160193,0.0003947472187563387,Weak,False
CustomerIssueArea,WarrantyCardAvailable,1393,25,2,0.07851375723331892,0.11284160587177615,Weak,False
CustomerIssueArea,DocumentDuplicateIndicator,1500,25,2,0.07453007764968095,0.11872301560879917,Weak,False
IntermittentIssueReported,RecentReinstallationReported,1500,4,4,0.07408204932755041,0.00010272256366067208,Weak,False
IntermittentIssueReported,RepairReportAvailable,1343,4,3,0.07181434728766835,0.002961365644737872,Weak,False
Brand,FaultEvidenceAvailable,1376,5,2,0.07081636014050792,0.027729069969169434,Weak,False
FaultType,WarrantyCardAvailable,1393,12,2,0.0703783448448238,0.0838676185798163,Weak,False
BatteryDiagnosticAvailable,ReplacementWithinWarranty,1500,3,3,0.07005631770737096,0.000897377554543342,Weak,False
IntermittentIssueReported,AffectedUnit,1500,4,5,0.06942406524187884,0.0007648745263429508,Weak,False
BatterySymptomReported,IntermittentIssueReported,1500,4,4,0.06939299352867652,0.00034228959661326955,Weak,False
FaultDescription,UiTheme,1500,77,3,0.06919672167793599,0.19999206095290203,Weak,False
CustomerIssueArea,PreviousRepair,1500,25,2,0.06858068461636713,0.15188106673433638,Weak,False
Brand,DamageType,1478,5,23,0.06827405801654911,0.026118117901264063,Weak,False
ClaimedComponent,ReplacementWithinWarranty,1500,12,3,0.06805434790860004,0.0311981155335879,Weak,False
ErrorCodeAvailable,ComponentIdentityEvidenceAvailable,1500,4,3,0.06725375581547402,0.003321977971513204,Weak,False
IntermittentIssueReported,ConsumableTypeUsed,1500,4,4,0.0671313138004831,0.0005891203970945234,Weak,False
CustomerIssueArea,RepairReportAvailable,1343,25,3,0.06687474745313794,0.11413089939145557,Weak,False
BatterySymptomReported,DocumentDuplicateIndicator,1500,4,2,0.06626182344418491,0.022458923590071463,Weak,False
BatterySymptomReported,RecentReinstallationReported,1500,4,4,0.06567455401242961,0.0008250770643916251,Weak,False
LiquidExposureReported,RepairReportAvailable,1343,4,3,0.06558553670617395,0.0074877759628255635,Weak,False
FaultDescription,DocumentDuplicateIndicator,1500,77,2,0.06486902833491692,0.2891867214631324,Weak,False
DuplicateClaimIndicator,BrowserFamily,1500,2,5,0.06397296517230668,0.03817598100374863,Weak,False
DamageType,PreviousRepair,1500,23,2,0.06373649070675164,0.17225613684162475,Weak,False
ProductSubtype,RepairReportAvailable,1343,29,3,0.06349510770082688,0.1519533729778254,Weak,False
RecentReinstallationReported,ConsumableTypeUsed,1500,4,4,0.06345950821666549,0.0013507216783483782,Weak,False
DamageType,ProductImageAvailable,1438,23,2,0.06276480832689436,0.1866599052129399,Weak,False
FaultType,PreviousRepair,1500,12,2,0.06185278625883041,0.11573713935546324,Weak,False
Brand,ComponentIdentityEvidenceAvailable,1478,5,3,0.06168474221061706,0.01363839947754515,Weak,False
ProductCategory,RepairReportAvailable,1343,8,3,0.06135057303185439,0.04449971819953736,Weak,False
BatterySymptomReported,AffectedUnit,1500,4,5,0.06037133298901534,0.0048716593452145076,Weak,False
FaultType,RepairReportAvailable,1343,12,3,0.060196489653313534,0.08202890158905658,Weak,False
ProductImageAvailable,ReplacementWithinWarranty,1438,2,3,0.05981650319947825,0.02811371487716246,Weak,False
ClaimedComponent,ClaimSubmissionChannel,1500,12,4,0.05946672177809946,0.036803357462907374,Weak,False
BatterySymptomReported,ConsumableTypeUsed,1500,4,4,0.059038277588386485,0.003371919717274342,Weak,False
Brand,BatteryDiagnosticAvailable,1478,5,3,0.05902851617116216,0.019145819773960748,Weak,False
ProductSubtype,DuplicateClaimIndicator,1500,29,2,0.05888708329994128,0.22785508105209878,Weak,False
IntermittentIssueReported,ServiceDiagnosticAvailable,1500,4,3,0.0586713712533035,0.012148925461260665,Weak,False
ScreenFaultImageAvailable,ClaimSubmissionChannel,1500,3,4,0.058486262561310676,0.012462258811398608,Weak,False
LiquidExposureReported,PreviousRepair,1500,4,2,0.05845100019219732,0.043529818356300716,Weak,False
ForeignObjectIncidentReported,ContradictionIndicator,1500,4,2,0.05831487024008833,0.04399879761030126,Weak,False
AffectedUnit,ConsumableTypeUsed,1500,5,4,0.05795394710664728,0.007495605266887776,Weak,False
CustomerIssueArea,UiTheme,1500,25,3,0.05790844745684862,0.151185335717972,Weak,False
ClaimedComponent,RepairAuthorized,1500,12,4,0.05766125480627981,0.0447245783358336,Weak,False
ErrorCodeAvailable,ScreenFaultImageAvailable,1500,4,3,0.05714510866951562,0.01494043606529263,Weak,False
ComponentIdentityEvidenceAvailable,ClaimSubmissionChannel,1500,3,4,0.05615939825915591,0.01701130449286547,Weak,False
ProductCategory,ReceiptAvailable,1435,8,2,0.055348523281020856,0.12218075146392345,Weak,False
ServiceDiagnosticAvailable,UsageMeterEvidenceAvailable,1500,3,3,0.05521263948136566,0.01063108766296948,Weak,False
UsageType,BatteryDiagnosticAvailable,1500,4,3,0.05508709799819127,0.0195258930228162,Weak,False
ProductImageAvailable,DuplicateClaimIndicator,1438,2,2,0.054927535944422436,0.02088729197335412,Weak,False
Brand,ProductModelConsistent,1478,5,2,0.05449290138995521,0.07833605682005189,Weak,False
Brand,ScreenFaultImageAvailable,1478,5,3,0.05429600860682549,0.03329660378352594,Weak,False
IntermittentIssueReported,ReplacementWithinWarranty,1500,4,3,0.05414784499322206,0.021969291876174343,Weak,False
ExtendedWarranty,BatteryDiagnosticAvailable,1500,2,3,0.05410599914353814,0.0409748521418392,Weak,False
ProductSubtype,ReceiptAvailable,1435,29,2,0.05394749748986576,0.2667304606888686,Weak,False
BatterySymptomReported,ProductModelConsistent,1500,4,2,0.053860906303403525,0.06152418505121264,Weak,False
SerialEvidenceAvailable,PreviousRepair,1412,2,2,0.0530863342673317,0.025684574740132974,Weak,False
RepairReportAvailable,DocumentDuplicateIndicator,1343,3,2,0.052967207761700726,0.05595253975197024,Weak,False
RepairReportAvailable,UiTheme,1343,3,3,0.05295998256404632,0.021253125054959493,Weak,False
ForeignObjectIncidentReported,BatteryDiagnosticAvailable,1500,4,3,0.05222346930494705,0.027741685169473135,Weak,False
SerialNumberMatch,BrowserFamily,1500,3,5,0.051510155126995694,0.04303448360464586,Weak,False
ClaimedComponent,UiTheme,1500,12,3,0.0513087201443284,0.12086848821404408,Weak,False
FaultDescription,ClaimSubmissionChannel,1500,77,4,0.05125175121070984,0.2805667657364671,Weak,False
BatterySymptomReported,ServiceDiagnosticAvailable,1500,4,3,0.050875609456829465,0.03245179460933213,Weak,False
ExtendedWarranty,FaultEvidenceAvailable,1397,2,2,0.05002909682995588,0.03399853504954825,Weak,False
CustomerIssueArea,RepairAuthorized,1500,25,4,0.04998132808877433,0.17133845351083632,Weak,False
ClaimedComponent,DamageType,1500,12,23,0.049610189547441584,0.03786699082734431,Weak,False
AffectedUnit,WarrantyCardAvailable,1393,5,2,0.049578480926250855,0.11508752982173405,Weak,False
DamageType,ReceiptAvailable,1435,23,2,0.049489824569503967,0.2725178675837905,Weak,False
ProductSubtype,ClaimSubmissionChannel,1500,29,4,0.049466116193811215,0.19260311898918658,Weak,False
ProductCategory,FaultEvidenceAvailable,1397,8,2,0.04942064168184129,0.16627019215534822,Weak,False
ConsumableTypeUsed,SerialEvidenceAvailable,1412,4,2,0.04911691973817978,0.09343925362720554,Weak,False
PreviousReplacement,BrowserFamily,1500,2,5,0.04886722327868776,0.10813504292907106,Weak,False
ConsumableTypeUsed,ServiceDiagnosticAvailable,1500,4,3,0.0487896801228351,0.040929814587974685,Weak,False
ErrorCodeAvailable,PreviousRepair,1500,4,2,0.04774302151528666,0.09291983490468284,Weak,False
SerialEvidenceAvailable,RepairAuthorized,1412,2,4,0.0476045976818928,0.10228713080398955,Weak,False
BatteryDiagnosticAvailable,ClaimSubmissionChannel,1500,3,4,0.04727157406428498,0.048075213901950416,Weak,False
ClaimedComponent,PreviousReplacement,1500,12,2,0.04705659692547843,0.21544484307003217,Weak,False
ConsumableTypeUsed,DocumentDuplicateIndicator,1500,4,2,0.04535855294931584,0.1074984049586643,Weak,False
ErrorCodeAvailable,ProductModelConsistent,1500,4,2,0.045311226127484686,0.10780072415588979,Weak,False
ProductImageAvailable,BrowserFamily,1438,2,5,0.04444905021253726,0.14448332693752247,Weak,False
PreviousRepair,UiTheme,1500,2,3,0.04423195421980648,0.08483580839484499,Weak,False
FaultType,SerialNumberMatch,1500,12,3,0.04421188516453802,0.17999841080057796,Weak,False
ForeignObjectIncidentReported,PreviousRepair,1500,4,2,0.04418811342832511,0.11511952338852467,Weak,False
ServiceDiagnosticAvailable,ContradictionIndicator,1500,3,2,0.04414179841151836,0.08534392689767491,Weak,False
ExtendedWarranty,ProductModelConsistent,1500,2,2,0.04377516675515823,0.049064430407720065,Weak,False
RecentReinstallationReported,WarrantyCardAvailable,1393,4,2,0.04341965948438764,0.13126838243518102,Weak,False
ClaimSubmissionChannel,BrowserFamily,1500,4,5,0.04304498149793625,0.06110866994995494,Weak,False
RecentReinstallationReported,BrowserFamily,1500,4,5,0.04291386905835624,0.06199557383521126,Weak,False
ScreenFaultImageAvailable,RepairReportAvailable,1343,3,3,0.042253225501029765,0.0665345381530028,Weak,False
ProductCategory,DuplicateClaimIndicator,1500,8,2,0.04156805458657824,0.21272210875453257,Weak,False
Brand,ExtendedWarranty,1478,5,2,0.041445316971875285,0.1623016713214459,Weak,False
InstallationEvidenceAvailable,DocumentDuplicateIndicator,1500,3,2,0.04069179936059995,0.10627708890919972,Weak,False
BatterySymptomReported,PreviousReplacement,1500,4,2,0.04052150386965526,0.14084740323134912,Weak,False
LiquidExposureReported,ScreenFaultImageAvailable,1500,4,3,0.04017754772025857,0.09344105200237325,Weak,False
UsageMeterEvidenceAvailable,PreviousRepair,1500,3,2,0.0400121366307822,0.11073731651564571,Weak,False
FaultType,RepairAuthorized,1500,12,4,0.039997725823169246,0.1812908850874682,Weak,False
DamageType,UiTheme,1500,23,3,0.03996956939076341,0.2856108330714202,Weak,False
UsageType,SerialEvidenceAvailable,1412,4,2,0.03994231862186034,0.15416692902727794,Weak,False
PhysicalDamageReported,BrowserFamily,1500,4,5,0.03991734367272767,0.08464840390088842,Weak,False
InstallationEvidenceAvailable,BrowserFamily,1500,3,5,0.03980148066541201,0.12069167200964417,Weak,False
UsageType,FaultEvidenceAvailable,1397,4,2,0.039639396237743305,0.1580181474219329,Weak,False
FaultDescription,BrowserFamily,1500,77,5,0.03949266294176838,0.34100204294036884,Weak,False
RepairAuthorized,ContradictionIndicator,1500,4,2,0.0394242654811007,0.14904866699841496,Weak,False
FaultEvidenceAvailable,ClaimSubmissionChannel,1397,2,4,0.039327776659227646,0.16035956027415493,Weak,False
PreviousReplacement,SerialNumberMatch,1500,2,3,0.03917020272491479,0.11641102480225823,Weak,False
FaultType,ClaimSubmissionChannel,1500,12,4,0.03896509154768683,0.19191856340932723,Weak,False
DamageType,RepairReportAvailable,1343,23,3,0.03888483158580767,0.3107982715965984,Weak,False
ProductCategory,PreviousRepair,1500,8,2,0.038533846761083373,0.2365301186914159,Weak,False
FaultDescription,ReceiptAvailable,1435,76,2,0.03848776059022196,0.40890713973416837,Weak,False
ReceiptAvailable,InstallationEvidenceAvailable,1435,2,3,0.03843322485310703,0.12748115961875878,Weak,False
LiquidExposureReported,ClaimSubmissionChannel,1500,4,4,0.037556710530839615,0.08199566927737709,Weak,False
BatteryDiagnosticAvailable,UiTheme,1500,3,3,0.037253806822155205,0.08586744944992289,Weak,False
FaultType,ProductModelConsistent,1500,12,2,0.03697134421512677,0.2896621983195295,Weak,False
ProductCategory,DocumentDuplicateIndicator,1500,8,2,0.03634936834141121,0.25371587327472384,Weak,False
BatterySymptomReported,PreviousRepair,1500,4,2,0.03591262134122124,0.17659766929345108,Weak,False
ConsumableTypeUsed,FaultEvidenceAvailable,1397,4,2,0.035818366779614766,0.18758532592624688,Weak,False
ConsumableTypeUsed,ClaimSubmissionChannel,1500,4,4,0.035527261811087285,0.10027450634054619,Weak,False
PhysicalDamageReported,PreviousRepair,1500,4,2,0.03550984206350999,0.17986596876235336,Weak,False
ErrorCodeAvailable,PreviousReplacement,1500,4,2,0.035503183580297075,0.17992015847417547,Weak,False
BatterySymptomReported,WarrantyCardAvailable,1393,4,2,0.03520024846868853,0.192920657189716,Weak,False
RecentReinstallationReported,DocumentDuplicateIndicator,1500,4,2,0.035087280515437885,0.18331490095467026,Weak,False
ReplacementWithinWarranty,ProductModelConsistent,1500,3,2,0.03495550861353764,0.14712518633827826,Weak,False
ErrorCodeAvailable,RepairReportAvailable,1343,4,3,0.034101580994429954,0.166755447235259,Weak,False
SerialEvidenceAvailable,ClaimSubmissionChannel,1412,2,4,0.03406160576098247,0.2002085659076983,Weak,False
UsageType,ClaimSubmissionChannel,1500,4,4,0.03357240987861437,0.119932638247101,Weak,False
LiquidExposureReported,PreviousReplacement,1500,4,2,0.03349731448127131,0.19645482982433599,Weak,False
ExtendedWarranty,BatterySymptomReported,1500,2,4,0.03336213817195626,0.19758235323452894,Weak,False
WarrantyCardAvailable,ContradictionIndicator,1393,2,2,0.033092789221076675,0.11204467120055528,Weak,False
ServiceDiagnosticAvailable,RepairReportAvailable,1343,3,3,0.03301140401184499,0.13986742885797962,Weak,False
ProductCategory,SerialNumberMatch,1500,8,3,0.03297987450814456,0.24217714040669178,Weak,False
RepairAuthorized,UiTheme,1500,4,3,0.032789821410166634,0.16130261656296827,Weak,False
ClaimedComponent,FaultEvidenceAvailable,1397,12,2,0.03262696103397147,0.3276818250648302,Weak,False
UsageMeterEvidenceAvailable,RepairReportAvailable,1343,3,3,0.03262006883120752,0.14365141969113449,Weak,False
DocumentDuplicateIndicator,ContradictionIndicator,1500,2,2,0.03227124979431459,0.10947558378432909,Weak,False
LiquidExposureReported,RepairAuthorized,1500,4,4,0.03201992847526348,0.13687023905225196,Weak,False
PreviousReplacement,DocumentDuplicateIndicator,1500,2,2,0.03185402934436968,0.11229156994767606,Weak,False
ElectronicWarrantyAvailable,UiTheme,1500,2,3,0.03182801522308277,0.17205739310026957,Weak,False
SerialEvidenceAvailable,UiTheme,1412,2,3,0.03164799108055687,0.18134864694978386,Weak,False
BatteryDiagnosticAvailable,BrowserFamily,1500,3,5,0.03149883422414088,0.20295483555296073,Weak,False
ProductSubtype,DocumentDuplicateIndicator,1500,29,2,0.0314221323462493,0.38757081516954434,Weak,False
AffectedUnit,BrowserFamily,1500,5,5,0.03118024120047193,0.1488207664479605,Weak,False
FaultType,UiTheme,1500,12,3,0.030912614362654287,0.3029628601223322,Weak,False
InstallationEvidenceAvailable,RepairReportAvailable,1343,3,3,0.030850673902380152,0.16132011286711834,Weak,False
InstallationEvidenceAvailable,BatteryDiagnosticAvailable,1500,3,3,0.030781517167434075,0.14451171336742097,Weak,False
CustomerIssueArea,ClaimSubmissionChannel,1500,25,4,0.03061420872100488,0.3433548100554183,Weak,False
FaultEvidenceAvailable,DuplicateClaimIndicator,1397,2,2,0.030513335840619958,0.1293339801642717,Weak,False
UsageMeterEvidenceAvailable,SerialNumberMatch,1500,3,3,0.0301454267436015,0.15113840596100966,Weak,False
IntermittentIssueReported,SerialEvidenceAvailable,1412,4,2,0.030108235239783874,0.2326564154275297,Weak,False
ForeignObjectIncidentReported,WarrantyCardAvailable,1393,4,2,0.03007461858777239,0.2346061317586924,Weak,False
RecentReinstallationReported,ProductImageAvailable,1438,4,2,0.029688361815761746,0.23387726371756826,Weak,False
BatteryDiagnosticAvailable,DuplicateClaimIndicator,1500,3,2,0.02915634782795628,0.1944050819569541,Weak,False
ConsumableTypeUsed,PreviousRepair,1500,4,2,0.029078447254823798,0.23379611671107567,Weak,False
BatterySymptomReported,BrowserFamily,1500,4,5,0.02893315588664377,0.20211665034593918,Weak,False
ErrorCodeAvailable,ReplacementWithinWarranty,1500,4,3,0.028414424615293428,0.20872750536399395,Weak,False
AffectedUnit,RepairAuthorized,1500,5,4,0.028339004449989318,0.20952655888728747,Weak,False
SerialEvidenceAvailable,RepairReportAvailable,1263,2,3,0.02816074586766903,0.22286423616190829,Weak,False
BatterySymptomReported,SerialNumberMatch,1500,4,3,0.02815416712769021,0.21164376307499982,Weak,False
ServiceDiagnosticAvailable,DuplicateClaimIndicator,1500,3,2,0.028058877156560316,0.20377300220602024,Weak,False
AffectedUnit,SerialNumberMatch,1500,5,3,0.027913781196486704,0.24198451281502983,Weak,False
ReplacementWithinWarranty,SerialNumberMatch,1500,3,3,0.027719765943417043,0.17751605768738254,Weak,False
SerialEvidenceAvailable,ContradictionIndicator,1412,2,2,0.02767604656461017,0.14909528537751027,Weak,False
ForeignObjectIncidentReported,RepairReportAvailable,1343,4,3,0.027466206286755668,0.23607736137890428,Weak,False
CustomerIssueArea,PreviousReplacement,1500,25,2,0.027335715869134865,0.3983937783889987,Weak,False
ClaimedComponent,RepairReportAvailable,1343,12,3,0.027189691259011866,0.34727458565671615,Weak,False
ReceiptAvailable,BrowserFamily,1435,2,5,0.02709498192120387,0.28164578585402894,Weak,False
UsageMeterEvidenceAvailable,DocumentDuplicateIndicator,1500,3,2,0.027002920199610404,0.212849366321981,Weak,False
BatterySymptomReported,RepairAuthorized,1500,4,4,0.02689659644745882,0.1993172199345863,Weak,False
CustomerIssueArea,DuplicateClaimIndicator,1500,25,2,0.026638629800109757,0.4014385953008593,Weak,False
ServiceDiagnosticAvailable,PreviousRepair,1500,3,2,0.026592704556199914,0.21638582426073116,Weak,False
AffectedUnit,RepairReportAvailable,1343,5,3,0.026471072387225087,0.2731700165827478,Weak,False
UsageType,PreviousReplacement,1500,4,2,0.026468220674468364,0.2558876182068724,Weak,False
PhysicalDamageReported,DuplicateClaimIndicator,1500,4,2,0.02643806217601688,0.25614098726371604,Weak,False
PhysicalDamageReported,RepairAuthorized,1500,4,4,0.026367373603398015,0.20617179710562064,Weak,False
ReplacementWithinWarranty,BrowserFamily,1500,3,5,0.02624613203999551,0.2602054588290956,Weak,False
ConsumableTypeUsed,RepairReportAvailable,1343,4,3,0.026179847795484705,0.24985784492986454,Weak,False
LiquidExposureReported,UiTheme,1500,4,3,0.02558208844863981,0.2406999486982723,Weak,False
ErrorCodeAvailable,UiTheme,1500,4,3,0.025532258205458968,0.24126448833058006,Weak,False
BatteryDiagnosticAvailable,UsageMeterEvidenceAvailable,1500,3,3,0.025463627499696526,0.20327359591566796,Weak,False
ForeignObjectIncidentReported,RepairAuthorized,1500,4,4,0.02544110281776613,0.21827007637674997,Weak,False
WarrantyCardAvailable,UsageMeterEvidenceAvailable,1393,2,3,0.02519117721836186,0.236360625061835,Weak,False
ServiceDiagnosticAvailable,DocumentDuplicateIndicator,1500,3,2,0.025109607966709812,0.22918609487225913,Weak,False
ErrorCodeAvailable,BrowserFamily,1500,4,5,0.02509143280707425,0.250559113276101,Weak,False
ClaimedComponent,BrowserFamily,1500,12,5,0.025079277516635304,0.3213501834866015,Weak,False
ConsumableTypeUsed,ProductImageAvailable,1438,4,2,0.024811778591294492,0.2739568057760226,Weak,False
FaultType,PreviousReplacement,1500,12,2,0.024643416709940552,0.36986287866686357,Weak,False
FaultType,SerialEvidenceAvailable,1412,12,2,0.024589468150732416,0.37418583984449877,Weak,False
FaultEvidenceAvailable,DocumentDuplicateIndicator,1397,2,2,0.024516471357714936,0.17497532956134576,Weak,False
IntermittentIssueReported,ContradictionIndicator,1500,4,2,0.02420346813876123,0.27470258092594946,Weak,False
ExtendedWarranty,ComponentIdentityEvidenceAvailable,1500,2,3,0.024040600306984142,0.238391549597713,Weak,False
ErrorCodeAvailable,ContradictionIndicator,1500,4,2,0.023863541615049156,0.2774808973711542,Weak,False
FaultEvidenceAvailable,PreviousRepair,1397,2,2,0.023764646075862594,0.18103358248329784,Weak,False
UsageType,ReceiptAvailable,1435,4,2,0.023176991060575785,0.2871131148474993,Weak,False
ReceiptAvailable,ElectronicWarrantyAvailable,1435,2,2,0.02307005445999146,0.18413742843697023,Weak,False
ElectronicWarrantyAvailable,RepairAuthorized,1500,2,4,0.022995120178637026,0.2845107250546306,Weak,False
IntermittentIssueReported,RepairAuthorized,1500,4,4,0.02295660602315498,0.2510192066396346,Weak,False
ElectronicWarrantyAvailable,ClaimSubmissionChannel,1500,2,4,0.022922287094815696,0.28509552700571705,Weak,False
FaultType,BrowserFamily,1500,12,5,0.022890104949600417,0.34445963858945244,Weak,False
SerialNumberMatch,DuplicateClaimIndicator,1500,3,2,0.02283446068233506,0.24871050804389921,Weak,False
ServiceDiagnosticAvailable,RepairAuthorized,1500,3,4,0.022470368733021145,0.2756875779639395,Weak,False
IntermittentIssueReported,PreviousRepair,1500,4,2,0.022403260724782263,0.289239856066012,Weak,False
ProductImageAvailable,ContradictionIndicator,1438,2,2,0.022141008879541346,0.19161612627602367,Weak,False
ConsumableTypeUsed,SerialNumberMatch,1500,4,3,0.02199979422254761,0.2808889431174648,Weak,False
ScreenFaultImageAvailable,PreviousRepair,1500,3,2,0.021532773734913305,0.25971240751465785,Weak,False
IntermittentIssueReported,BatteryDiagnosticAvailable,1500,4,3,0.021471122440981157,0.2866888627335125,Weak,False
WarrantyCardAvailable,ElectronicWarrantyAvailable,1393,2,2,0.021295337728734962,0.2014296668395012,Weak,False
DocumentDuplicateIndicator,UiTheme,1500,2,3,0.021293068501687034,0.26171835418559225,Weak,False
ExtendedWarranty,ClaimSubmissionChannel,1500,2,4,0.021198145481210438,0.29869205218662404,Weak,False
Brand,UiTheme,1478,5,3,0.02084235858191042,0.3186042774122221,Weak,False
PhysicalDamageReported,RepairReportAvailable,1343,4,3,0.020730606467642416,0.3065645703080935,Weak,False
DamageType,ContradictionIndicator,1500,23,2,0.020667308355310398,0.42142681237868557,Weak,False
AffectedUnit,ClaimSubmissionChannel,1500,5,4,0.02059603020579559,0.3062939713679217,Weak,False
ProductSubtype,FaultEvidenceAvailable,1397,29,2,0.02052666400119706,0.43259309286235037,Weak,False
ElectronicWarrantyAvailable,ScreenFaultImageAvailable,1500,2,3,0.020319489753185514,0.26978719950222574,Weak,False
PhysicalDamageReported,ElectronicWarrantyAvailable,1500,4,2,0.019908732547650018,0.30850533118981355,Weak,False
RecentReinstallationReported,ReceiptAvailable,1435,4,2,0.019704192150216675,0.3132093362965005,Weak,False
ComponentIdentityEvidenceAvailable,PreviousReplacement,1500,3,2,0.019692948657235643,0.27490429885420203,Weak,False
ProductModelConsistent,DocumentDuplicateIndicator,1500,2,2,0.01955952855692673,0.20960578693674622,Weak,False
ReplacementWithinWarranty,DocumentDuplicateIndicator,1500,3,2,0.019360025602190446,0.2775962595788546,Weak,False
UsageType,RepairReportAvailable,1343,4,3,0.019230070124902687,0.3211930600794106,Weak,False
ExtendedWarranty,ProductImageAvailable,1438,2,2,0.01918782482321836,0.21614851381224123,Weak,False
ExtendedWarranty,ErrorCodeAvailable,1500,2,4,0.01917834892244874,0.3139088348715929,Weak,False
UsageType,DocumentDuplicateIndicator,1500,4,2,0.019168785691084166,0.3139787886707219,Weak,False
ProductSubtype,SerialNumberMatch,1500,29,3,0.019000484340757108,0.4332995364718634,Weak,False
PreviousReplacement,ContradictionIndicator,1500,2,2,0.0189229296008558,0.21500154195361523,Weak,False
RepairReportAvailable,SerialNumberMatch,1343,3,3,0.018884994474155675,0.2914787513912124,Weak,False
ProductCategory,ElectronicWarrantyAvailable,1500,8,2,0.01879590521704768,0.3754466737625294,Weak,False
UsageMeterEvidenceAvailable,RepairAuthorized,1500,3,4,0.018697497683378625,0.3161205957359447,Weak,False
ProductModelConsistent,BrowserFamily,1500,2,5,0.01826415256943098,0.34222702940726885,Weak,False
ComponentIdentityEvidenceAvailable,UiTheme,1500,3,3,0.01814196556848918,0.28845440417567014,Weak,False
LiquidExposureReported,DuplicateClaimIndicator,1500,4,2,0.01794679456231207,0.3227375392347844,Weak,False
InstallationEvidenceAvailable,ClaimSubmissionChannel,1500,3,4,0.017522624703198857,0.327942225050149,Weak,False
RecentReinstallationReported,RepairReportAvailable,1343,4,3,0.017255526065214556,0.33944638252611603,Weak,False
UsageType,BrowserFamily,1500,4,5,0.017181435784799862,0.34525586398714897,Weak,False
ExtendedWarranty,ElectronicWarrantyAvailable,1500,2,2,0.01696877597045933,0.23139139561864744,Weak,False
BatterySymptomReported,ProductImageAvailable,1438,4,2,0.01691312992700575,0.33220258802883357,Weak,False
InstallationEvidenceAvailable,DuplicateClaimIndicator,1500,3,2,0.016874927304140704,0.2969780604408621,Weak,False
ErrorCodeAvailable,RepairAuthorized,1500,4,4,0.016790879895136487,0.3289045563334368,Weak,False
RecentReinstallationReported,BatteryDiagnosticAvailable,1500,4,3,0.016718227391633058,0.3357657152060318,Weak,False
ForeignObjectIncidentReported,ServiceDiagnosticAvailable,1500,4,3,0.01641016526387934,0.3386988851422132,Weak,False
ErrorCodeAvailable,ClaimSubmissionChannel,1500,4,4,0.01635542886576672,0.33396182449310496,Weak,False
ProductImageAvailable,ServiceDiagnosticAvailable,1438,2,3,0.016125856368566536,0.30497152289732754,Weak,False
FaultEvidenceAvailable,ScreenFaultImageAvailable,1397,2,3,0.016102669878223928,0.30675532638987374,Weak,False
WarrantyCardAvailable,InstallationEvidenceAvailable,1393,2,3,0.01610225003830915,0.30691670505315605,Weak,False
UsageType,ComponentIdentityEvidenceAvailable,1500,4,3,0.016041797898048507,0.342158236493799,Weak,False
WarrantyCardAvailable,ClaimSubmissionChannel,1393,2,4,0.015775972166407137,0.3409358145482328,Weak,False
SerialEvidenceAvailable,UsageMeterEvidenceAvailable,1412,2,3,0.01552889491241292,0.3101071047487279,Weak,False
FaultEvidenceAvailable,RepairReportAvailable,1251,2,3,0.015311162134538425,0.3174865861395805,Weak,False
ExtendedWarranty,IntermittentIssueReported,1500,2,4,0.01518277507448548,0.34107980815185324,Weak,False
ExtendedWarranty,ScreenFaultImageAvailable,1500,2,3,0.014469975831702451,0.3142402362837868,Weak,False
ExtendedWarranty,RepairReportAvailable,1343,2,3,0.01397741161472603,0.322440377605996,Weak,False
RepairAuthorized,DuplicateClaimIndicator,1500,4,2,0.012944685243358851,0.3542123199696684,Weak,False
UsageType,ReplacementWithinWarranty,1500,4,3,0.0127380393677453,0.3705785936476897,Weak,False
ForeignObjectIncidentReported,UiTheme,1500,4,3,0.012431012054023707,0.37295883801364926,Weak,False
ExtendedWarranty,BrowserFamily,1500,2,5,0.012348632711289623,0.37561339501148033,Weak,False
ElectronicWarrantyAvailable,PreviousRepair,1500,2,2,0.012316522992131441,0.26778457177685205,Weak,False
SerialEvidenceAvailable,DuplicateClaimIndicator,1412,2,2,0.012200914557747303,0.2711829762110222,Weak,False
LiquidExposureReported,BrowserFamily,1500,4,5,0.01192427584572193,0.3952438256815366,Weak,False
ExtendedWarranty,ForeignObjectIncidentReported,1500,2,4,0.011866918181309092,0.3599223496976168,Weak,False
ClaimedComponent,ReceiptAvailable,1435,12,2,0.011426601901681308,0.4270823268636994,Weak,False
LiquidExposureReported,SerialEvidenceAvailable,1412,4,2,0.011410771562203182,0.36384930423144934,Weak,False
ForeignObjectIncidentReported,ComponentIdentityEvidenceAvailable,1500,4,3,0.01092806335924921,0.3839050229119099,Weak,False
ProductModelConsistent,ContradictionIndicator,1500,2,2,0.010543845625490388,0.27995364689973007,Weak,False
RepairAuthorized,ClaimSubmissionChannel,1500,4,4,0.010027613994856063,0.3961502950671835,Weak,False
ForeignObjectIncidentReported,PreviousReplacement,1500,4,2,0.009804978176501309,0.36964163389342214,Weak,False
ReceiptAvailable,FaultEvidenceAvailable,1336,2,2,0.00901566793658866,0.292242683903483,Weak,False
ReceiptAvailable,ScreenFaultImageAvailable,1435,2,3,0.008222787318167996,0.35022596087091784,Weak,False
WarrantyCardAvailable,PreviousRepair,1393,2,2,0.007017262832872622,0.3011119334085447,Weak,False
SerialNumberMatch,UiTheme,1500,3,3,0.0069953650018759654,0.3861800785496795,Weak,False
BatterySymptomReported,ReplacementWithinWarranty,1500,4,3,0.006967357694835108,0.406659722741076,Weak,False
ForeignObjectIncidentReported,ElectronicWarrantyAvailable,1500,4,2,0.005231404860944027,0.3850389689588099,Weak,False
UsageMeterEvidenceAvailable,ClaimSubmissionChannel,1500,3,4,0.005215273201978186,0.4136818405813473,Weak,False
AffectedUnit,ProductImageAvailable,1438,5,2,0.0047573561208802285,0.4012487387153179,Weak,False
BatterySymptomReported,ContradictionIndicator,1500,4,2,0.004551631848900314,0.38655652175054855,Weak,False
ComponentIdentityEvidenceAvailable,BrowserFamily,1500,3,5,0.0037808787305301786,0.42877943752907643,Weak,False
ComponentIdentityEvidenceAvailable,RepairAuthorized,1500,3,4,0.002999666436023294,0.41973080474450436,Weak,False
AffectedUnit,BatteryDiagnosticAvailable,1500,5,3,0.0,0.5538393073987571,Weak,False
AffectedUnit,ComponentIdentityEvidenceAvailable,1500,5,3,0.0,0.9298591250424659,Weak,False
AffectedUnit,ContradictionIndicator,1500,5,2,0.0,0.8599493163316616,Weak,False
AffectedUnit,DuplicateClaimIndicator,1500,5,2,0.0,0.5531218871006498,Weak,False
AffectedUnit,ElectronicWarrantyAvailable,1500,5,2,0.0,0.6075376180646591,Weak,False
AffectedUnit,FaultEvidenceAvailable,1397,5,2,0.0,0.9201611978943793,Weak,False
AffectedUnit,PreviousRepair,1500,5,2,0.0,0.6391580422868544,Weak,False
AffectedUnit,PreviousReplacement,1500,5,2,0.0,0.7900833607009882,Weak,False
AffectedUnit,ProductModelConsistent,1500,5,2,0.0,0.9050674191765413,Weak,False
AffectedUnit,ReceiptAvailable,1435,5,2,0.0,0.4146321136343102,Weak,False
AffectedUnit,ReplacementWithinWarranty,1500,5,3,0.0,0.9498706447437932,Weak,False
AffectedUnit,ScreenFaultImageAvailable,1500,5,3,0.0,0.962707834838465,Weak,False
AffectedUnit,SerialEvidenceAvailable,1412,5,2,0.0,0.9448132609577878,Weak,False
AffectedUnit,UiTheme,1500,5,3,0.0,0.9890840447118007,Weak,False
BatteryDiagnosticAvailable,ComponentIdentityEvidenceAvailable,1500,3,3,0.0,0.9545192799548365,Weak,False
BatteryDiagnosticAvailable,ContradictionIndicator,1500,3,2,0.0,0.799641206652663,Weak,False
BatteryDiagnosticAvailable,DocumentDuplicateIndicator,1500,3,2,0.0,0.813183393201396,Weak,False
BatteryDiagnosticAvailable,PreviousRepair,1500,3,2,0.0,0.681999863250824,Weak,False
BatteryDiagnosticAvailable,ProductModelConsistent,1500,3,2,0.0,0.41226260839920226,Weak,False
BatteryDiagnosticAvailable,RepairAuthorized,1500,3,4,0.0,0.8776436745965127,Weak,False
BatteryDiagnosticAvailable,RepairReportAvailable,1343,3,3,0.0,0.6714344223417371,Weak,False
BatteryDiagnosticAvailable,ScreenFaultImageAvailable,1500,3,3,0.0,0.9690794565789971,Weak,False
BatteryDiagnosticAvailable,SerialNumberMatch,1500,3,3,0.0,0.6465097633908645,Weak,False
BatteryDiagnosticAvailable,ServiceDiagnosticAvailable,1500,3,3,0.0,0.5062224397220751,Weak,False
BatterySymptomReported,ClaimSubmissionChannel,1500,4,4,0.0,0.6452246801405807,Weak,False
BatterySymptomReported,ComponentIdentityEvidenceAvailable,1500,4,3,0.0,0.5684165679286362,Weak,False
BatterySymptomReported,DuplicateClaimIndicator,1500,4,2,0.0,0.8206187803160805,Weak,False
BatterySymptomReported,ElectronicWarrantyAvailable,1500,4,2,0.0,0.9377517178216563,Weak,False
BatterySymptomReported,FaultEvidenceAvailable,1397,4,2,0.0,0.7764740581492321,Weak,False
BatterySymptomReported,ReceiptAvailable,1435,4,2,0.0,0.4106777817255215,Weak,False
BatterySymptomReported,RepairReportAvailable,1343,4,3,0.0,0.5421126879214699,Weak,False
BatterySymptomReported,ScreenFaultImageAvailable,1500,4,3,0.0,0.8946784600073375,Weak,False
BatterySymptomReported,SerialEvidenceAvailable,1412,4,2,0.0,0.4832480032196599,Weak,False
BatterySymptomReported,UiTheme,1500,4,3,0.0,0.8303045788900865,Weak,False
Brand,BrowserFamily,1478,5,5,0.0,0.7123340284131046,Weak,False
Brand,ClaimSubmissionChannel,1478,5,4,0.0,0.9684758067205419,Weak,False
Brand,ContradictionIndicator,1478,5,2,0.0,0.6584348687664923,Weak,False
Brand,DocumentDuplicateIndicator,1478,5,2,0.0,0.6709459178128392,Weak,False
Brand,DuplicateClaimIndicator,1478,5,2,0.0,0.6983557524306505,Weak,False
Brand,ElectronicWarrantyAvailable,1478,5,2,0.0,0.42607195102322704,Weak,False
Brand,PreviousRepair,1478,5,2,0.0,0.7808853191274074,Weak,False
Brand,PreviousReplacement,1478,5,2,0.0,0.49560018274667506,Weak,False
Brand,ProductImageAvailable,1417,5,2,0.0,0.9745398389797152,Weak,False
Brand,ReceiptAvailable,1414,5,2,0.0,0.4321800148878545,Weak,False
Brand,RepairAuthorized,1478,5,4,0.0,0.6066837342136295,Weak,False
Brand,RepairReportAvailable,1324,5,3,0.0,0.6181950878730199,Weak,False
Brand,ReplacementWithinWarranty,1478,5,3,0.0,0.4379094197499782,Weak,False
Brand,SerialEvidenceAvailable,1391,5,2,0.0,0.9340612487090146,Weak,False
Brand,SerialNumberMatch,1478,5,3,0.0,0.5282099901802335,Weak,False
Brand,WarrantyCardAvailable,1373,5,2,0.0,0.9622517502333342,Weak,False
BrowserFamily,UiTheme,1500,5,3,0.0,0.8960584328886878,Weak,False
ClaimSubmissionChannel,UiTheme,1500,4,3,0.0,0.8633332171973971,Weak,False
ClaimedComponent,ContradictionIndicator,1500,12,2,0.0,0.8901866572606291,Weak,False
ClaimedComponent,DocumentDuplicateIndicator,1500,12,2,0.0,0.6973958775628649,Weak,False
ClaimedComponent,DuplicateClaimIndicator,1500,12,2,0.0,0.914081880074435,Weak,False
ClaimedComponent,ElectronicWarrantyAvailable,1500,12,2,0.0,0.6394251998888913,Weak,False
ClaimedComponent,PreviousRepair,1500,12,2,0.0,0.7069213142445703,Weak,False
ClaimedComponent,ProductImageAvailable,1438,12,2,0.0,0.5611798882588765,Weak,False
ClaimedComponent,ProductModelConsistent,1500,12,2,0.0,0.9130298983549603,Weak,False
ClaimedComponent,SerialEvidenceAvailable,1412,12,2,0.0,0.8148517426089856,Weak,False
ClaimedComponent,SerialNumberMatch,1500,12,3,0.0,0.9706568098327368,Weak,False
ComponentIdentityEvidenceAvailable,ContradictionIndicator,1500,3,2,0.0,0.8667542033753652,Weak,False
ComponentIdentityEvidenceAvailable,DocumentDuplicateIndicator,1500,3,2,0.0,0.7413705741763172,Weak,False
ComponentIdentityEvidenceAvailable,DuplicateClaimIndicator,1500,3,2,0.0,0.6217668622554136,Weak,False
ComponentIdentityEvidenceAvailable,PreviousRepair,1500,3,2,0.0,0.8002821650645141,Weak,False
ComponentIdentityEvidenceAvailable,ProductModelConsistent,1500,3,2,0.0,0.9270666625619817,Weak,False
ComponentIdentityEvidenceAvailable,RepairReportAvailable,1343,3,3,0.0,0.9259942541895696,Weak,False
ComponentIdentityEvidenceAvailable,ReplacementWithinWarranty,1500,3,3,0.0,0.4162913641177811,Weak,False
ComponentIdentityEvidenceAvailable,SerialNumberMatch,1500,3,3,0.0,0.9429628061790264,Weak,False
ComponentIdentityEvidenceAvailable,UsageMeterEvidenceAvailable,1500,3,3,0.0,0.6147794181398356,Weak,False
ConsumableTypeUsed,BatteryDiagnosticAvailable,1500,4,3,0.0,0.42934975272170706,Weak,False
ConsumableTypeUsed,BrowserFamily,1500,4,5,0.0,0.690625869531539,Weak,False
ConsumableTypeUsed,ComponentIdentityEvidenceAvailable,1500,4,3,0.0,0.849181452954523,Weak,False
ConsumableTypeUsed,ContradictionIndicator,1500,4,2,0.0,0.7255269677440246,Weak,False
ConsumableTypeUsed,DuplicateClaimIndicator,1500,4,2,0.0,0.5127377697853841,Weak,False
ConsumableTypeUsed,ElectronicWarrantyAvailable,1500,4,2,0.0,0.765981433550551,Weak,False
ConsumableTypeUsed,PreviousReplacement,1500,4,2,0.0,0.8149317841028629,Weak,False
ConsumableTypeUsed,ProductModelConsistent,1500,4,2,0.0,0.7658070809467292,Weak,False
ConsumableTypeUsed,ReceiptAvailable,1435,4,2,0.0,0.7582414440757101,Weak,False
ConsumableTypeUsed,RepairAuthorized,1500,4,4,0.0,0.591533504742912,Weak,False
ConsumableTypeUsed,ReplacementWithinWarranty,1500,4,3,0.0,0.9416868800390473,Weak,False
ConsumableTypeUsed,ScreenFaultImageAvailable,1500,4,3,0.0,0.9049847732794744,Weak,False
ConsumableTypeUsed,UiTheme,1500,4,3,0.0,0.8687576338801,Weak,False
ConsumableTypeUsed,WarrantyCardAvailable,1393,4,2,0.0,0.7476681261097264,Weak,False
ContradictionIndicator,ClaimSubmissionChannel,1500,2,4,0.0,0.9289026807811707,Weak,False
ContradictionIndicator,UiTheme,1500,2,3,0.0,0.8657908114453262,Weak,False
CustomerIssueArea,BrowserFamily,1500,25,5,0.0,0.5406317656742318,Weak,False
CustomerIssueArea,ContradictionIndicator,1500,25,2,0.0,0.9989418500252215,Weak,False
CustomerIssueArea,ElectronicWarrantyAvailable,1500,25,2,0.0,0.47269331757906674,Weak,False
CustomerIssueArea,FaultEvidenceAvailable,1397,25,2,0.0,0.6437883637157855,Weak,False
CustomerIssueArea,ProductImageAvailable,1438,25,2,0.0,0.8927717879364585,Weak,False
CustomerIssueArea,ProductModelConsistent,1500,25,2,0.0,0.9669920749684281,Weak,False
CustomerIssueArea,ReceiptAvailable,1435,25,2,0.0,0.463150781055206,Weak,False
CustomerIssueArea,ReplacementWithinWarranty,1500,25,3,0.0,0.47983000659007186,Weak,False
CustomerIssueArea,SerialEvidenceAvailable,1412,25,2,0.0,0.8037540059809068,Weak,False
CustomerIssueArea,SerialNumberMatch,1500,25,3,0.0,0.7504185037615761,Weak,False
DamageType,BatteryDiagnosticAvailable,1500,23,3,0.0,0.9694920606909867,Weak,False
DamageType,BatterySymptomReported,1500,23,4,0.0,0.9994113806892345,Weak,False
DamageType,BrowserFamily,1500,23,5,0.0,0.6609046983471439,Weak,False
DamageType,ClaimSubmissionChannel,1500,23,4,0.0,0.6564044391103894,Weak,False
DamageType,ComponentIdentityEvidenceAvailable,1500,23,3,0.0,0.9997384259516915,Weak,False
DamageType,DuplicateClaimIndicator,1500,23,2,0.0,0.9981332043004075,Weak,False
DamageType,ElectronicWarrantyAvailable,1500,23,2,0.0,0.4731665480738583,Weak,False
DamageType,FaultEvidenceAvailable,1397,23,2,0.0,0.8636953019842867,Weak,False
DamageType,PreviousReplacement,1500,23,2,0.0,0.8714168007024368,Weak,False
DamageType,ProductModelConsistent,1500,23,2,0.0,0.9746149334239168,Weak,False
DamageType,RepairAuthorized,1500,23,4,0.0,0.49088290043252475,Weak,False
DamageType,ReplacementWithinWarranty,1500,23,3,0.0,0.9873610094849672,Weak,False
DamageType,ScreenFaultImageAvailable,1500,23,3,0.0,0.5438098079734863,Weak,False
DamageType,SerialEvidenceAvailable,1412,23,2,0.0,0.8842882870818233,Weak,False
DamageType,SerialNumberMatch,1500,23,3,0.0,0.7106842101943022,Weak,False
DamageType,ServiceDiagnosticAvailable,1500,23,3,0.0,0.9886070346249096,Weak,False
DamageType,WarrantyCardAvailable,1393,23,2,0.0,0.6884128131560515,Weak,False
DocumentDuplicateIndicator,BrowserFamily,1500,2,5,0.0,0.8806851839293408,Weak,False
DocumentDuplicateIndicator,ClaimSubmissionChannel,1500,2,4,0.0,0.4468678752313634,Weak,False
DuplicateClaimIndicator,ClaimSubmissionChannel,1500,2,4,0.0,0.7740437526317201,Weak,False
DuplicateClaimIndicator,ContradictionIndicator,1500,2,2,0.0,0.9318043425242714,Weak,False
DuplicateClaimIndicator,DocumentDuplicateIndicator,1500,2,2,0.0,0.838668749019196,Weak,False
DuplicateClaimIndicator,UiTheme,1500,2,3,0.0,0.8856649634811741,Weak,False
ElectronicWarrantyAvailable,BatteryDiagnosticAvailable,1500,2,3,0.0,0.4588886592083773,Weak,False
ElectronicWarrantyAvailable,BrowserFamily,1500,2,5,0.0,0.6987147102083822,Weak,False
ElectronicWarrantyAvailable,ComponentIdentityEvidenceAvailable,1500,2,3,0.0,0.5475311616997407,Weak,False
ElectronicWarrantyAvailable,ContradictionIndicator,1500,2,2,0.0,0.6419607741049435,Weak,False
ElectronicWarrantyAvailable,DocumentDuplicateIndicator,1500,2,2,0.0,0.43981733396218003,Weak,False
ElectronicWarrantyAvailable,DuplicateClaimIndicator,1500,2,2,0.0,0.9227185731126535,Weak,False
ElectronicWarrantyAvailable,FaultEvidenceAvailable,1397,2,2,0.0,0.8625619328163234,Weak,False
ElectronicWarrantyAvailable,InstallationEvidenceAvailable,1500,2,3,0.0,0.9828168920343028,Weak,False
ElectronicWarrantyAvailable,PreviousReplacement,1500,2,2,0.0,0.5272256651649108,Weak,False
ElectronicWarrantyAvailable,ProductImageAvailable,1438,2,2,0.0,0.49375051383724633,Weak,False
ElectronicWarrantyAvailable,ProductModelConsistent,1500,2,2,0.0,0.5620017099600368,Weak,False
ElectronicWarrantyAvailable,RepairReportAvailable,1343,2,3,0.0,0.47875654295233216,Weak,False
ElectronicWarrantyAvailable,ReplacementWithinWarranty,1500,2,3,0.0,0.7271937135137279,Weak,False
ElectronicWarrantyAvailable,SerialEvidenceAvailable,1412,2,2,0.0,0.4407238430465269,Weak,False
ElectronicWarrantyAvailable,SerialNumberMatch,1500,2,3,0.0,0.7407193203476894,Weak,False
ElectronicWarrantyAvailable,ServiceDiagnosticAvailable,1500,2,3,0.0,0.6256725332312867,Weak,False
ElectronicWarrantyAvailable,UsageMeterEvidenceAvailable,1500,2,3,0.0,0.7112185102286706,Weak,False
ErrorCodeAvailable,DocumentDuplicateIndicator,1500,4,2,0.0,0.6900466290146026,Weak,False
ErrorCodeAvailable,DuplicateClaimIndicator,1500,4,2,0.0,0.4531089844492515,Weak,False
ErrorCodeAvailable,ElectronicWarrantyAvailable,1500,4,2,0.0,0.3968787510176983,Weak,False
ErrorCodeAvailable,FaultEvidenceAvailable,1397,4,2,0.0,0.5782555681260608,Weak,False
ErrorCodeAvailable,ProductImageAvailable,1438,4,2,0.0,0.736861518332242,Weak,False
ErrorCodeAvailable,ReceiptAvailable,1435,4,2,0.0,0.8802528620723691,Weak,False
ErrorCodeAvailable,SerialEvidenceAvailable,1412,4,2,0.0,0.7807074399494126,Weak,False
ErrorCodeAvailable,SerialNumberMatch,1500,4,3,0.0,0.9161606634449717,Weak,False
ErrorCodeAvailable,WarrantyCardAvailable,1393,4,2,0.0,0.790601144798621,Weak,False
ExtendedWarranty,AffectedUnit,1500,2,5,0.0,0.9333966633690752,Weak,False
ExtendedWarranty,ConsumableTypeUsed,1500,2,4,0.0,0.9332838000310476,Weak,False
ExtendedWarranty,ContradictionIndicator,1500,2,2,0.0,0.8020637004881674,Weak,False
ExtendedWarranty,DamageType,1500,2,23,0.0,0.8027204861207398,Weak,False
ExtendedWarranty,DocumentDuplicateIndicator,1500,2,2,0.0,0.5784863913484555,Weak,False
ExtendedWarranty,DuplicateClaimIndicator,1500,2,2,0.0,0.41152652358628483,Weak,False
ExtendedWarranty,FaultDescription,1500,2,77,0.0,0.7765078104179861,Weak,False
ExtendedWarranty,FaultType,1500,2,12,0.0,0.971376592076207,Weak,False
ExtendedWarranty,InstallationEvidenceAvailable,1500,2,3,0.0,0.8201128156506063,Weak,False
ExtendedWarranty,LiquidExposureReported,1500,2,4,0.0,0.9494604901389178,Weak,False
ExtendedWarranty,PhysicalDamageReported,1500,2,4,0.0,0.7005489681182664,Weak,False
ExtendedWarranty,PreviousRepair,1500,2,2,0.0,0.5633701405380174,Weak,False
ExtendedWarranty,PreviousReplacement,1500,2,2,0.0,0.4504228271779642,Weak,False
ExtendedWarranty,ReceiptAvailable,1435,2,2,0.0,0.8553329580562984,Weak,False
ExtendedWarranty,RecentReinstallationReported,1500,2,4,0.0,0.7480499416307659,Weak,False
ExtendedWarranty,RepairAuthorized,1500,2,4,0.0,0.635976448785798,Weak,False
ExtendedWarranty,ReplacementWithinWarranty,1500,2,3,0.0,0.7401150433840563,Weak,False
ExtendedWarranty,SerialEvidenceAvailable,1412,2,2,0.0,0.6106981612436834,Weak,False
ExtendedWarranty,SerialNumberMatch,1500,2,3,0.0,0.5372912565696413,Weak,False
ExtendedWarranty,UiTheme,1500,2,3,0.0,0.9015830847514101,Weak,False
ExtendedWarranty,UsageMeterEvidenceAvailable,1500,2,3,0.0,0.7726388190800735,Weak,False
ExtendedWarranty,UsageType,1500,2,4,0.0,0.54201946874102,Weak,False
ExtendedWarranty,WarrantyCardAvailable,1393,2,2,0.0,0.3829957968777661,Weak,False
FaultDescription,ContradictionIndicator,1500,77,2,0.0,0.7153272254991091,Weak,False
FaultDescription,DuplicateClaimIndicator,1500,77,2,0.0,0.7510826417080636,Weak,False
FaultDescription,ElectronicWarrantyAvailable,1500,77,2,0.0,0.5538154377036482,Weak,False
FaultDescription,FaultEvidenceAvailable,1397,77,2,0.0,0.9758741694558214,Weak,False
FaultDescription,ProductImageAvailable,1438,76,2,0.0,0.9558396246510674,Weak,False
FaultDescription,ProductModelConsistent,1500,77,2,0.0,0.6725222130932637,Weak,False
FaultDescription,ScreenFaultImageAvailable,1500,77,3,0.0,0.8132751028877357,Weak,False
FaultDescription,SerialEvidenceAvailable,1412,77,2,0.0,0.7665649712250231,Weak,False
FaultDescription,SerialNumberMatch,1500,77,3,0.0,0.6328062138354548,Weak,False
FaultEvidenceAvailable,BatteryDiagnosticAvailable,1397,2,3,0.0,0.9845093603033718,Weak,False
FaultEvidenceAvailable,BrowserFamily,1397,2,5,0.0,0.7258204285065923,Weak,False
FaultEvidenceAvailable,ComponentIdentityEvidenceAvailable,1397,2,3,0.0,0.5719439076725209,Weak,False
FaultEvidenceAvailable,ContradictionIndicator,1397,2,2,0.0,0.47978667859940616,Weak,False
FaultEvidenceAvailable,InstallationEvidenceAvailable,1397,2,3,0.0,0.5741240997190791,Weak,False
FaultEvidenceAvailable,PreviousReplacement,1397,2,2,0.0,0.719135358795288,Weak,False
FaultEvidenceAvailable,ProductModelConsistent,1397,2,2,0.0,0.8312089580455239,Weak,False
FaultEvidenceAvailable,RepairAuthorized,1397,2,4,0.0,0.4150602821534063,Weak,False
FaultEvidenceAvailable,ReplacementWithinWarranty,1397,2,3,0.0,0.7980765755520175,Weak,False
FaultEvidenceAvailable,SerialNumberMatch,1397,2,3,0.0,0.41483576346664264,Weak,False
FaultEvidenceAvailable,ServiceDiagnosticAvailable,1397,2,3,0.0,0.774712412527415,Weak,False
FaultEvidenceAvailable,UiTheme,1397,2,3,0.0,0.833840678747743,Weak,False
FaultEvidenceAvailable,UsageMeterEvidenceAvailable,1397,2,3,0.0,0.9637035610448994,Weak,False
FaultType,ContradictionIndicator,1500,12,2,0.0,0.7664944736395635,Weak,False
FaultType,DocumentDuplicateIndicator,1500,12,2,0.0,0.5554097303541705,Weak,False
FaultType,DuplicateClaimIndicator,1500,12,2,0.0,0.47547121906693135,Weak,False
FaultType,ElectronicWarrantyAvailable,1500,12,2,0.0,0.7117226458656389,Weak,False
FaultType,FaultEvidenceAvailable,1397,12,2,0.0,0.5312800138875253,Weak,False
FaultType,ProductImageAvailable,1438,12,2,0.0,0.6677158791080926,Weak,False
FaultType,ReceiptAvailable,1435,12,2,0.0,0.5556993061076483,Weak,False
FaultType,ReplacementWithinWarranty,1500,12,3,0.0,0.7890271311262165,Weak,False
ForeignObjectIncidentReported,BrowserFamily,1500,4,5,0.0,0.62152698755419,Weak,False
ForeignObjectIncidentReported,ClaimSubmissionChannel,1500,4,4,0.0,0.9139139512749153,Weak,False
ForeignObjectIncidentReported,DocumentDuplicateIndicator,1500,4,2,0.0,0.863994534439645,Weak,False
ForeignObjectIncidentReported,DuplicateClaimIndicator,1500,4,2,0.0,0.8123448351294454,Weak,False
ForeignObjectIncidentReported,FaultEvidenceAvailable,1397,4,2,0.0,0.4003723000155117,Weak,False
ForeignObjectIncidentReported,ProductImageAvailable,1438,4,2,0.0,0.8756564702901534,Weak,False
ForeignObjectIncidentReported,ProductModelConsistent,1500,4,2,0.0,0.435770527243195,Weak,False
ForeignObjectIncidentReported,ReceiptAvailable,1435,4,2,0.0,0.4442868693285189,Weak,False
ForeignObjectIncidentReported,ReplacementWithinWarranty,1500,4,3,0.0,0.7332906869652347,Weak,False
ForeignObjectIncidentReported,ScreenFaultImageAvailable,1500,4,3,0.0,0.5264756962041091,Weak,False
ForeignObjectIncidentReported,SerialEvidenceAvailable,1412,4,2,0.0,0.8595190936070136,Weak,False
ForeignObjectIncidentReported,SerialNumberMatch,1500,4,3,0.0,0.5631127404578176,Weak,False
InstallationEvidenceAvailable,ComponentIdentityEvidenceAvailable,1500,3,3,0.0,0.5461063951780393,Weak,False
InstallationEvidenceAvailable,ContradictionIndicator,1500,3,2,0.0,0.8591064290497307,Weak,False
InstallationEvidenceAvailable,PreviousRepair,1500,3,2,0.0,0.5024067353162542,Weak,False
InstallationEvidenceAvailable,PreviousReplacement,1500,3,2,0.0,0.5256867424126184,Weak,False
InstallationEvidenceAvailable,ProductModelConsistent,1500,3,2,0.0,0.697671424050818,Weak,False
InstallationEvidenceAvailable,RepairAuthorized,1500,3,4,0.0,0.5865577115288156,Weak,False
InstallationEvidenceAvailable,ReplacementWithinWarranty,1500,3,3,0.0,0.7458089089151099,Weak,False
InstallationEvidenceAvailable,ScreenFaultImageAvailable,1500,3,3,0.0,0.6484189052579703,Weak,False
InstallationEvidenceAvailable,SerialNumberMatch,1500,3,3,0.0,0.7982790599541152,Weak,False
InstallationEvidenceAvailable,UiTheme,1500,3,3,0.0,0.9121634791265467,Weak,False
IntermittentIssueReported,BrowserFamily,1500,4,5,0.0,0.4729254457219906,Weak,False
IntermittentIssueReported,ClaimSubmissionChannel,1500,4,4,0.0,0.7384352465915172,Weak,False
IntermittentIssueReported,ComponentIdentityEvidenceAvailable,1500,4,3,0.0,0.7684623649220331,Weak,False
IntermittentIssueReported,DocumentDuplicateIndicator,1500,4,2,0.0,0.8110641718575338,Weak,False
IntermittentIssueReported,ElectronicWarrantyAvailable,1500,4,2,0.0,0.6671587090147664,Weak,False
IntermittentIssueReported,FaultEvidenceAvailable,1397,4,2,0.0,0.771054641463944,Weak,False
IntermittentIssueReported,ProductImageAvailable,1438,4,2,0.0,0.4625138397219434,Weak,False
IntermittentIssueReported,ReceiptAvailable,1435,4,2,0.0,0.4206054476682658,Weak,False
IntermittentIssueReported,SerialNumberMatch,1500,4,3,0.0,0.7536398291235926,Weak,False
IntermittentIssueReported,UiTheme,1500,4,3,0.0,0.7013553657524669,Weak,False
IntermittentIssueReported,WarrantyCardAvailable,1393,4,2,0.0,0.6666757592698046,Weak,False
LiquidExposureReported,ContradictionIndicator,1500,4,2,0.0,0.6675267303955288,Weak,False
LiquidExposureReported,DocumentDuplicateIndicator,1500,4,2,0.0,0.4852131433218335,Weak,False
LiquidExposureReported,ElectronicWarrantyAvailable,1500,4,2,0.0,0.5042867109284561,Weak,False
LiquidExposureReported,FaultEvidenceAvailable,1397,4,2,0.0,0.42940905134966634,Weak,False
LiquidExposureReported,ProductImageAvailable,1438,4,2,0.0,0.6516064753022652,Weak,False
LiquidExposureReported,ProductModelConsistent,1500,4,2,0.0,0.8404631118270083,Weak,False
LiquidExposureReported,ReceiptAvailable,1435,4,2,0.0,0.7926674292795122,Weak,False
LiquidExposureReported,ReplacementWithinWarranty,1500,4,3,0.0,0.5276759748449185,Weak,False
LiquidExposureReported,SerialNumberMatch,1500,4,3,0.0,0.961113351173669,Weak,False
LiquidExposureReported,WarrantyCardAvailable,1393,4,2,0.0,0.7963814577167554,Weak,False
PhysicalDamageReported,ClaimSubmissionChannel,1500,4,4,0.0,0.48527258216614577,Weak,False
PhysicalDamageReported,ContradictionIndicator,1500,4,2,0.0,0.7807329793326546,Weak,False
PhysicalDamageReported,DocumentDuplicateIndicator,1500,4,2,0.0,0.49309810649492736,Weak,False
PhysicalDamageReported,FaultEvidenceAvailable,1397,4,2,0.0,0.6753135641060293,Weak,False
PhysicalDamageReported,PreviousReplacement,1500,4,2,0.0,0.6904803563408992,Weak,False
PhysicalDamageReported,ProductImageAvailable,1438,4,2,0.0,0.9980470960347236,Weak,False
PhysicalDamageReported,ProductModelConsistent,1500,4,2,0.0,0.44455562979150753,Weak,False
PhysicalDamageReported,ReceiptAvailable,1435,4,2,0.0,0.7265796658997108,Weak,False
PhysicalDamageReported,ReplacementWithinWarranty,1500,4,3,0.0,0.7120866931700434,Weak,False
PhysicalDamageReported,SerialEvidenceAvailable,1412,4,2,0.0,0.5200245144905633,Weak,False
PhysicalDamageReported,SerialNumberMatch,1500,4,3,0.0,0.8871488437403099,Weak,False
PhysicalDamageReported,UiTheme,1500,4,3,0.0,0.778118500595195,Weak,False
PhysicalDamageReported,WarrantyCardAvailable,1393,4,2,0.0,0.8489577937811517,Weak,False
PreviousRepair,BrowserFamily,1500,2,5,0.0,0.6757113442985805,Weak,False
PreviousRepair,ClaimSubmissionChannel,1500,2,4,0.0,0.5141690242324215,Weak,False
PreviousRepair,ContradictionIndicator,1500,2,2,0.0,0.5901809183255348,Weak,False
PreviousRepair,DocumentDuplicateIndicator,1500,2,2,0.0,0.7856497902200921,Weak,False
PreviousRepair,DuplicateClaimIndicator,1500,2,2,0.0,0.9275152254958683,Weak,False
PreviousRepair,PreviousReplacement,1500,2,2,0.0,0.8035147226664116,Weak,False
PreviousRepair,ProductModelConsistent,1500,2,2,0.0,0.7082916001950355,Weak,False
PreviousRepair,ReplacementWithinWarranty,1500,2,3,0.0,0.7448213883267211,Weak,False
PreviousRepair,SerialNumberMatch,1500,2,3,0.0,0.8571465193700106,Weak,False
PreviousReplacement,ClaimSubmissionChannel,1500,2,4,0.0,0.9237744286738763,Weak,False
PreviousReplacement,DuplicateClaimIndicator,1500,2,2,0.0,0.5743186445953584,Weak,False
PreviousReplacement,ProductModelConsistent,1500,2,2,0.0,0.5671738222264529,Weak,False
PreviousReplacement,UiTheme,1500,2,3,0.0,0.5700584298120077,Weak,False
ProductCategory,BrowserFamily,1500,8,5,0.0,0.8880433513306565,Weak,False
ProductCategory,ClaimSubmissionChannel,1500,8,4,0.0,0.6013752732795601,Weak,False
ProductCategory,ContradictionIndicator,1500,8,2,0.0,0.5948227107692856,Weak,False
ProductCategory,ExtendedWarranty,1500,8,2,0.0,0.561182197158292,Weak,False
ProductCategory,PreviousReplacement,1500,8,2,0.0,0.8110500345843957,Weak,False
ProductCategory,ProductImageAvailable,1438,8,2,0.0,0.6803741637169655,Weak,False
ProductCategory,ProductModelConsistent,1500,8,2,0.0,0.5327321529106332,Weak,False
ProductCategory,RepairAuthorized,1500,8,4,0.0,0.46769824690148043,Weak,False
ProductCategory,ReplacementWithinWarranty,1500,8,3,0.0,0.8599494602220329,Weak,False
ProductCategory,SerialEvidenceAvailable,1412,8,2,0.0,0.4824828626119342,Weak,False
ProductCategory,UiTheme,1500,8,3,0.0,0.4546438805214472,Weak,False
ProductCategory,WarrantyCardAvailable,1393,8,2,0.0,0.6380316364588132,Weak,False
ProductImageAvailable,BatteryDiagnosticAvailable,1438,2,3,0.0,0.5050372513004621,Weak,False
ProductImageAvailable,ClaimSubmissionChannel,1438,2,4,0.0,0.5645656307143556,Weak,False
ProductImageAvailable,ComponentIdentityEvidenceAvailable,1438,2,3,0.0,0.8955962350538265,Weak,False
ProductImageAvailable,DocumentDuplicateIndicator,1438,2,2,0.0,0.8592356662690388,Weak,False
ProductImageAvailable,FaultEvidenceAvailable,1336,2,2,0.0,0.5217434897122373,Weak,False
ProductImageAvailable,InstallationEvidenceAvailable,1438,2,3,0.0,0.5715815592245925,Weak,False
ProductImageAvailable,PreviousRepair,1438,2,2,0.0,0.32535984621132985,Weak,False
ProductImageAvailable,PreviousReplacement,1438,2,2,0.0,0.74071187612943,Weak,False
ProductImageAvailable,ProductModelConsistent,1438,2,2,0.0,0.5425315207361925,Weak,False
ProductImageAvailable,RepairAuthorized,1438,2,4,0.0,0.5356724321420085,Weak,False
ProductImageAvailable,RepairReportAvailable,1285,2,3,0.0,0.3693942977221491,Weak,False
ProductImageAvailable,ScreenFaultImageAvailable,1438,2,3,0.0,0.9523241227115312,Weak,False
ProductImageAvailable,SerialEvidenceAvailable,1352,2,2,0.0,0.5711758546236048,Weak,False
ProductImageAvailable,SerialNumberMatch,1438,2,3,0.0,0.4005447776831784,Weak,False
ProductImageAvailable,UiTheme,1438,2,3,0.0,0.538259187689671,Weak,False
ProductImageAvailable,UsageMeterEvidenceAvailable,1438,2,3,0.0,0.7020230953441983,Weak,False
ProductModelConsistent,ClaimSubmissionChannel,1500,2,4,0.0,0.75137597864416,Weak,False
ProductModelConsistent,DuplicateClaimIndicator,1500,2,2,0.0,0.9368733454596369,Weak,False
ProductModelConsistent,UiTheme,1500,2,3,0.0,0.389174652130701,Weak,False
ProductSubtype,BrowserFamily,1500,29,5,0.0,0.9687681217746396,Weak,False
ProductSubtype,ContradictionIndicator,1500,29,2,0.0,0.8667060832178484,Weak,False
ProductSubtype,ExtendedWarranty,1500,29,2,0.0,0.5746347263188429,Weak,False
ProductSubtype,PreviousRepair,1500,29,2,0.0,0.5394576444132391,Weak,False
ProductSubtype,PreviousReplacement,1500,29,2,0.0,0.9287449854328668,Weak,False
ProductSubtype,ProductImageAvailable,1438,29,2,0.0,0.9456130251758409,Weak,False
ProductSubtype,ProductModelConsistent,1500,29,2,0.0,0.8980705747464637,Weak,False
ProductSubtype,RepairAuthorized,1500,29,4,0.0,0.6562867546223018,Weak,False
ProductSubtype,ReplacementWithinWarranty,1500,29,3,0.0,0.6322691902041542,Weak,False
ProductSubtype,SerialEvidenceAvailable,1412,29,2,0.0,0.6945321042896515,Weak,False
ProductSubtype,UiTheme,1500,29,3,0.0,0.9466424294601017,Weak,False
ProductSubtype,WarrantyCardAvailable,1393,29,2,0.0,0.7174597248661909,Weak,False
ReceiptAvailable,BatteryDiagnosticAvailable,1435,2,3,0.0,0.37695537946140667,Weak,False
ReceiptAvailable,ClaimSubmissionChannel,1435,2,4,0.0,0.45065478609304677,Weak,False
ReceiptAvailable,ComponentIdentityEvidenceAvailable,1435,2,3,0.0,0.7875656425041319,Weak,False
ReceiptAvailable,ContradictionIndicator,1435,2,2,0.0,0.871400875680443,Weak,False
ReceiptAvailable,DocumentDuplicateIndicator,1435,2,2,0.0,0.9904796335435223,Weak,False
ReceiptAvailable,DuplicateClaimIndicator,1435,2,2,0.0,0.9677336563377682,Weak,False
ReceiptAvailable,PreviousRepair,1435,2,2,0.0,0.8755533155229851,Weak,False
ReceiptAvailable,PreviousReplacement,1435,2,2,0.0,0.999520178020696,Weak,False
ReceiptAvailable,ProductImageAvailable,1376,2,2,0.0,0.36109901849822545,Weak,False
ReceiptAvailable,ProductModelConsistent,1435,2,2,0.0,0.4793382296506409,Weak,False
ReceiptAvailable,RepairAuthorized,1435,2,4,0.0,0.5072389270947648,Weak,False
ReceiptAvailable,RepairReportAvailable,1286,2,3,0.0,0.8787845622427258,Weak,False
ReceiptAvailable,ReplacementWithinWarranty,1435,2,3,0.0,0.7594056467712786,Weak,False
ReceiptAvailable,SerialEvidenceAvailable,1350,2,2,0.0,0.8548672650787726,Weak,False
ReceiptAvailable,SerialNumberMatch,1435,2,3,0.0,0.570339126390082,Weak,False
ReceiptAvailable,ServiceDiagnosticAvailable,1435,2,3,0.0,0.8293768839618698,Weak,False
ReceiptAvailable,UiTheme,1435,2,3,0.0,0.5632508248256216,Weak,False
ReceiptAvailable,UsageMeterEvidenceAvailable,1435,2,3,0.0,0.829694162711754,Weak,False
ReceiptAvailable,WarrantyCardAvailable,1332,2,2,0.0,0.8133551523474214,Weak,False
RecentReinstallationReported,ClaimSubmissionChannel,1500,4,4,0.0,0.9222114760548106,Weak,False
RecentReinstallationReported,ComponentIdentityEvidenceAvailable,1500,4,3,0.0,0.7999545883265203,Weak,False
RecentReinstallationReported,ContradictionIndicator,1500,4,2,0.0,0.530308667910592,Weak,False
RecentReinstallationReported,DuplicateClaimIndicator,1500,4,2,0.0,0.4850818186056285,Weak,False
RecentReinstallationReported,ElectronicWarrantyAvailable,1500,4,2,0.0,0.4020383671483715,Weak,False
RecentReinstallationReported,FaultEvidenceAvailable,1397,4,2,0.0,0.8638315582106165,Weak,False
RecentReinstallationReported,PreviousRepair,1500,4,2,0.0,0.6078076090001849,Weak,False
RecentReinstallationReported,PreviousReplacement,1500,4,2,0.0,0.7418829596533784,Weak,False
RecentReinstallationReported,ProductModelConsistent,1500,4,2,0.0,0.6749994670975722,Weak,False
RecentReinstallationReported,RepairAuthorized,1500,4,4,0.0,0.7202897146650664,Weak,False
RecentReinstallationReported,ReplacementWithinWarranty,1500,4,3,0.0,0.4822472295785125,Weak,False
RecentReinstallationReported,ScreenFaultImageAvailable,1500,4,3,0.0,0.8708221269379283,Weak,False
RecentReinstallationReported,SerialEvidenceAvailable,1412,4,2,0.0,0.8049364048890055,Weak,False
RecentReinstallationReported,SerialNumberMatch,1500,4,3,0.0,0.7528131022653455,Weak,False
RecentReinstallationReported,UiTheme,1500,4,3,0.0,0.8844537440757361,Weak,False
RepairAuthorized,BrowserFamily,1500,4,5,0.0,0.6995716614961835,Weak,False
RepairAuthorized,DocumentDuplicateIndicator,1500,4,2,0.0,0.7508617860319223,Weak,False
RepairAuthorized,PreviousReplacement,1500,4,2,0.0,0.5082142293100158,Weak,False
RepairAuthorized,ProductModelConsistent,1500,4,2,0.0,0.9450314938214526,Weak,False
RepairAuthorized,ReplacementWithinWarranty,1500,4,3,0.0,0.7429507078761779,Weak,False
RepairAuthorized,SerialNumberMatch,1500,4,3,0.0,0.868806391135197,Weak,False
RepairReportAvailable,BrowserFamily,1343,3,5,0.0,0.6361397309976641,Weak,False
RepairReportAvailable,ClaimSubmissionChannel,1343,3,4,0.0,0.4907226605182732,Weak,False
RepairReportAvailable,ContradictionIndicator,1343,3,2,0.0,0.5673580832519431,Weak,False
RepairReportAvailable,DuplicateClaimIndicator,1343,3,2,0.0,0.9709792629269073,Weak,False
RepairReportAvailable,PreviousReplacement,1343,3,2,0.0,0.5107043271112386,Weak,False
RepairReportAvailable,ProductModelConsistent,1343,3,2,0.0,0.6578870457228716,Weak,False
RepairReportAvailable,ReplacementWithinWarranty,1343,3,3,0.0,0.45344519427704677,Weak,False
ReplacementWithinWarranty,ClaimSubmissionChannel,1500,3,4,0.0,0.8511639529382534,Weak,False
ReplacementWithinWarranty,ContradictionIndicator,1500,3,2,0.0,0.43043752828269444,Weak,False
ReplacementWithinWarranty,DuplicateClaimIndicator,1500,3,2,0.0,0.39312919163758514,Weak,False
ReplacementWithinWarranty,UiTheme,1500,3,3,0.0,0.7803386071525404,Weak,False
ScreenFaultImageAvailable,BrowserFamily,1500,3,5,0.0,0.6319351178660406,Weak,False
ScreenFaultImageAvailable,ComponentIdentityEvidenceAvailable,1500,3,3,0.0,0.9931285679558685,Weak,False
ScreenFaultImageAvailable,ContradictionIndicator,1500,3,2,0.0,0.7618573363800233,Weak,False
ScreenFaultImageAvailable,DocumentDuplicateIndicator,1500,3,2,0.0,0.7853699707126216,Weak,False
ScreenFaultImageAvailable,DuplicateClaimIndicator,1500,3,2,0.0,0.8390727123768527,Weak,False
ScreenFaultImageAvailable,PreviousReplacement,1500,3,2,0.0,0.8802556039146051,Weak,False
ScreenFaultImageAvailable,ProductModelConsistent,1500,3,2,0.0,0.8335862419887595,Weak,False
ScreenFaultImageAvailable,RepairAuthorized,1500,3,4,0.0,0.6521385377991076,Weak,False
ScreenFaultImageAvailable,ReplacementWithinWarranty,1500,3,3,0.0,0.5351430856847882,Weak,False
ScreenFaultImageAvailable,SerialNumberMatch,1500,3,3,0.0,0.9596668667036694,Weak,False
ScreenFaultImageAvailable,ServiceDiagnosticAvailable,1500,3,3,0.0,0.8777817038091679,Weak,False
ScreenFaultImageAvailable,UiTheme,1500,3,3,0.0,0.5890824254992375,Weak,False
ScreenFaultImageAvailable,UsageMeterEvidenceAvailable,1500,3,3,0.0,0.7074230294436195,Weak,False
SerialEvidenceAvailable,BatteryDiagnosticAvailable,1412,2,3,0.0,0.39243677303511737,Weak,False
SerialEvidenceAvailable,BrowserFamily,1412,2,5,0.0,0.9390186426592252,Weak,False
SerialEvidenceAvailable,ComponentIdentityEvidenceAvailable,1412,2,2,0.0,0.8499404072031294,Weak,False
SerialEvidenceAvailable,DocumentDuplicateIndicator,1412,2,2,0.0,0.7467308075782415,Weak,False
SerialEvidenceAvailable,FaultEvidenceAvailable,1313,2,2,0.0,0.6328691881294068,Weak,False
SerialEvidenceAvailable,InstallationEvidenceAvailable,1412,2,3,0.0,0.49842518440952543,Weak,False
SerialEvidenceAvailable,PreviousReplacement,1412,2,2,0.0,0.8926179395174498,Weak,False
SerialEvidenceAvailable,ProductModelConsistent,1412,2,2,0.0,0.7949657036141902,Weak,False
SerialEvidenceAvailable,ReplacementWithinWarranty,1412,2,3,0.0,0.9589097090903497,Weak,False
SerialEvidenceAvailable,ScreenFaultImageAvailable,1412,2,3,0.0,0.7955791698191427,Weak,False
SerialEvidenceAvailable,SerialNumberMatch,1412,2,3,0.0,0.6876119245387644,Weak,False
SerialEvidenceAvailable,ServiceDiagnosticAvailable,1412,2,3,0.0,0.8991136771251115,Weak,False
SerialNumberMatch,ClaimSubmissionChannel,1500,3,4,0.0,0.6089460980121655,Weak,False
SerialNumberMatch,ContradictionIndicator,1500,3,2,0.0,0.8811285701531252,Weak,False
SerialNumberMatch,DocumentDuplicateIndicator,1500,3,2,0.0,0.9577290633919768,Weak,False
SerialNumberMatch,ProductModelConsistent,1500,3,2,0.0,0.8725444488304945,Weak,False
ServiceDiagnosticAvailable,BrowserFamily,1500,3,5,0.0,0.9390480678343573,Weak,False
ServiceDiagnosticAvailable,ClaimSubmissionChannel,1500,3,4,0.0,0.505182446715716,Weak,False
ServiceDiagnosticAvailable,ComponentIdentityEvidenceAvailable,1500,3,3,0.0,0.8286331855518403,Weak,False
ServiceDiagnosticAvailable,PreviousReplacement,1500,3,2,0.0,0.4703284753379944,Weak,False
ServiceDiagnosticAvailable,ProductModelConsistent,1500,3,2,0.0,0.739319648542091,Weak,False
ServiceDiagnosticAvailable,ReplacementWithinWarranty,1500,3,3,0.0,0.787785994542425,Weak,False
ServiceDiagnosticAvailable,SerialNumberMatch,1500,3,3,0.0,0.5300868154817495,Weak,False
ServiceDiagnosticAvailable,UiTheme,1500,3,3,0.0,0.6924205110684757,Weak,False
UsageMeterEvidenceAvailable,BrowserFamily,1500,3,5,0.0,0.8770183368618751,Weak,False
UsageMeterEvidenceAvailable,ContradictionIndicator,1500,3,2,0.0,0.6275207407108528,Weak,False
UsageMeterEvidenceAvailable,DuplicateClaimIndicator,1500,3,2,0.0,0.7864250618207003,Weak,False
UsageMeterEvidenceAvailable,PreviousReplacement,1500,3,2,0.0,0.8473259389649246,Weak,False
UsageMeterEvidenceAvailable,ProductModelConsistent,1500,3,2,0.0,0.5639900536431307,Weak,False
UsageMeterEvidenceAvailable,ReplacementWithinWarranty,1500,3,3,0.0,0.9131190590130248,Weak,False
UsageMeterEvidenceAvailable,UiTheme,1500,3,3,0.0,0.5203757363754868,Weak,False
UsageType,ContradictionIndicator,1500,4,2,0.0,0.9443416276180026,Weak,False
UsageType,DuplicateClaimIndicator,1500,4,2,0.0,0.9020226985190193,Weak,False
UsageType,ElectronicWarrantyAvailable,1500,4,2,0.0,0.5040853980083531,Weak,False
UsageType,PreviousRepair,1500,4,2,0.0,0.4210956772106732,Weak,False
UsageType,ProductImageAvailable,1438,4,2,0.0,0.5697932382911899,Weak,False
UsageType,RepairAuthorized,1500,4,4,0.0,0.6760623828439107,Weak,False
UsageType,ScreenFaultImageAvailable,1500,4,3,0.0,0.485123612558252,Weak,False
UsageType,SerialNumberMatch,1500,4,3,0.0,0.6222479917901709,Weak,False
UsageType,UiTheme,1500,4,3,0.0,0.8718497880503794,Weak,False
UsageType,WarrantyCardAvailable,1393,4,2,0.0,0.6661861763914441,Weak,False
WarrantyCardAvailable,BatteryDiagnosticAvailable,1393,2,3,0.0,0.8845208383574785,Weak,False
WarrantyCardAvailable,BrowserFamily,1393,2,5,0.0,0.7212636628945135,Weak,False
WarrantyCardAvailable,ComponentIdentityEvidenceAvailable,1393,2,3,0.0,0.5850262519527072,Weak,False
WarrantyCardAvailable,DocumentDuplicateIndicator,1393,2,2,0.0,0.8923846089691897,Weak,False
WarrantyCardAvailable,DuplicateClaimIndicator,1393,2,2,0.0,0.7529848635951708,Weak,False
WarrantyCardAvailable,FaultEvidenceAvailable,1293,2,2,0.0,0.6398180065023471,Weak,False
WarrantyCardAvailable,PreviousReplacement,1393,2,2,0.0,0.360939317151877,Weak,False
WarrantyCardAvailable,ProductImageAvailable,1340,2,2,0.0,0.5051782228850374,Weak,False
WarrantyCardAvailable,ProductModelConsistent,1393,2,2,0.0,0.8540496892691314,Weak,False
WarrantyCardAvailable,RepairAuthorized,1393,2,4,0.0,0.7388769048563563,Weak,False
WarrantyCardAvailable,RepairReportAvailable,1247,2,3,0.0,0.9032294955543154,Weak,False
WarrantyCardAvailable,ReplacementWithinWarranty,1393,2,3,0.0,0.5450918340231039,Weak,False
WarrantyCardAvailable,ScreenFaultImageAvailable,1393,2,3,0.0,0.6060997033940796,Weak,False
WarrantyCardAvailable,SerialEvidenceAvailable,1314,2,2,0.0,0.7777968632390533,Weak,False
WarrantyCardAvailable,SerialNumberMatch,1393,2,3,0.0,0.6837754071191072,Weak,False
WarrantyCardAvailable,ServiceDiagnosticAvailable,1393,2,3,0.0,0.6361519789729986,Weak,False
WarrantyCardAvailable,UiTheme,1393,2,3,0.0,0.6496752139682604,Weak,False
