,WarrantyDurationMonths,RepairCount,PriorClaimCount,ProductPurchasePrice,ClaimAmount,PreviousRepairCost,OCRConfidence,SubmissionMinute,RandomScore
WarrantyDurationMonths,1.0,0.0049350156292917976,0.020125624998308358,0.3383904743086363,0.22301354609372415,0.00046747774136958627,0.004804188224432027,-0.012292056432119062,-0.011589512394016987
RepairCount,0.0049350156292917976,1.0,-0.006755225953330764,0.05720749666122759,0.029348027027725803,0.9600546475323722,0.04751094705149094,-0.00026541992207871663,0.013227335978766287
PriorClaimCount,0.020125624998308358,-0.006755225953330764,1.0,0.017850936885660754,0.002780187776914985,-0.024452166716754983,0.017504851352111907,-0.027001269241505057,0.014727246792842139
ProductPurchasePrice,0.3383904743086363,0.05720749666122759,0.017850936885660754,1.0,0.6747533412296142,0.0449249742727694,0.007239243349982278,-0.023379020747700343,-0.023691162634699673
ClaimAmount,0.22301354609372415,0.029348027027725803,0.002780187776914985,0.6747533412296142,1.0,0.01436036748153803,-0.003253755814674131,-0.029102594408066257,-0.012470523274811818
PreviousRepairCost,0.00046747774136958627,0.9600546475323722,-0.024452166716754983,0.0449249742727694,0.01436036748153803,1.0,0.04645462843949873,0.0008458416986016761,-0.0041618222923990285
OCRConfidence,0.004804188224432027,0.04751094705149094,0.017504851352111907,0.007239243349982278,-0.003253755814674131,0.04645462843949873,1.0,0.020250767954077712,-0.005227424971700027
SubmissionMinute,-0.012292056432119062,-0.00026541992207871663,-0.027001269241505057,-0.023379020747700343,-0.029102594408066257,0.0008458416986016761,0.020250767954077712,1.0,0.037410551843498875
RandomScore,-0.011589512394016987,0.013227335978766287,0.014727246792842139,-0.023691162634699673,-0.012470523274811818,-0.0041618222923990285,-0.005227424971700027,0.037410551843498875,1.0
