ClaimID,ClaimClass,Split
CLM00001,Valid Claim,Train
CLM00002,Valid Claim,Train
CLM00003,Manual Review,Test
CLM00004,Invalid Claim,Train
CLM00005,Manual Review,Train
CLM00006,Manual Review,Train
CLM00007,Valid Claim,Train
CLM00008,Valid Claim,Test
CLM00009,Valid Claim,Train
CLM00010,Invalid Claim,Train
CLM00011,Manual Review,Train
CLM00012,Invalid Claim,Test
CLM00013,Invalid Claim,Train
CLM00014,Invalid Claim,Train
CLM00015,Invalid Claim,Train
CLM00016,Invalid Claim,Train
CLM00017,Invalid Claim,Validation
CLM00018,Manual Review,Train
CLM00019,Valid Claim,Train
CLM00020,Valid Claim,Train
CLM00021,Invalid Claim,Test
CLM00022,Valid Claim,Test
CLM00023,Invalid Claim,Train
CLM00024,Manual Review,Train
CLM00025,Invalid Claim,Train
CLM00026,Manual Review,Train
CLM00027,Invalid Claim,Train
CLM00028,Valid Claim,Train
CLM00029,Invalid Claim,Train
CLM00030,Manual Review,Validation
CLM00031,Manual Review,Train
CLM00032,Invalid Claim,Train
CLM00033,Manual Review,Train
CLM00034,Invalid Claim,Test
CLM00035,Valid Claim,Validation
CLM00036,Invalid Claim,Train
CLM00037,Manual Review,Train
CLM00038,Invalid Claim,Train
CLM00039,Valid Claim,Validation
CLM00040,Manual Review,Train
CLM00041,Invalid Claim,Test
CLM00042,Manual Review,Train
CLM00043,Manual Review,Train
CLM00044,Invalid Claim,Train
CLM00045,Manual Review,Validation
CLM00046,Manual Review,Train
CLM00047,Invalid Claim,Train
CLM00048,Invalid Claim,Train
CLM00049,Valid Claim,Train
CLM00050,Manual Review,Validation
CLM00051,Invalid Claim,Train
CLM00052,Invalid Claim,Train
CLM00053,Invalid Claim,Train
CLM00054,Invalid Claim,Train
CLM00055,Manual Review,Train
CLM00056,Manual Review,Validation
CLM00057,Manual Review,Validation
CLM00058,Manual Review,Train
CLM00059,Invalid Claim,Train
CLM00060,Invalid Claim,Train
CLM00061,Invalid Claim,Validation
CLM00062,Valid Claim,Test
CLM00063,Manual Review,Validation
CLM00064,Manual Review,Train
CLM00065,Invalid Claim,Validation
CLM00066,Manual Review,Train
CLM00067,Valid Claim,Validation
CLM00068,Invalid Claim,Train
CLM00069,Manual Review,Validation
CLM00070,Valid Claim,Test
CLM00071,Valid Claim,Test
CLM00072,Valid Claim,Train
CLM00073,Invalid Claim,Train
CLM00074,Valid Claim,Train
CLM00075,Invalid Claim,Train
CLM00076,Invalid Claim,Train
CLM00077,Valid Claim,Train
CLM00078,Manual Review,Train
CLM00079,Invalid Claim,Test
CLM00080,Valid Claim,Train
CLM00081,Invalid Claim,Test
CLM00082,Invalid Claim,Train
CLM00083,Manual Review,Test
CLM00084,Valid Claim,Test
CLM00085,Valid Claim,Train
CLM00086,Invalid Claim,Validation
CLM00087,Valid Claim,Train
CLM00088,Invalid Claim,Train
CLM00089,Invalid Claim,Train
CLM00090,Manual Review,Train
CLM00091,Valid Claim,Validation
CLM00092,Valid Claim,Train
CLM00093,Invalid Claim,Train
CLM00094,Valid Claim,Test
CLM00095,Valid Claim,Validation
CLM00096,Invalid Claim,Test
CLM00097,Invalid Claim,Test
CLM00098,Valid Claim,Train
CLM00099,Manual Review,Train
CLM00100,Invalid Claim,Train
CLM00101,Invalid Claim,Train
CLM00102,Invalid Claim,Train
CLM00103,Manual Review,Train
CLM00104,Invalid Claim,Test
CLM00105,Invalid Claim,Train
CLM00106,Invalid Claim,Train
CLM00107,Invalid Claim,Test
CLM00108,Valid Claim,Train
CLM00109,Manual Review,Validation
CLM00110,Valid Claim,Train
CLM00111,Invalid Claim,Train
CLM00112,Invalid Claim,Train
CLM00113,Invalid Claim,Train
CLM00114,Manual Review,Train
CLM00115,Invalid Claim,Train
CLM00116,Manual Review,Train
CLM00117,Invalid Claim,Train
CLM00118,Valid Claim,Train
CLM00119,Invalid Claim,Train
CLM00120,Manual Review,Train
CLM00121,Valid Claim,Train
CLM00122,Invalid Claim,Train
CLM00123,Invalid Claim,Train
CLM00124,Invalid Claim,Train
CLM00125,Invalid Claim,Train
CLM00126,Invalid Claim,Train
CLM00127,Invalid Claim,Train
CLM00128,Invalid Claim,Train
CLM00129,Invalid Claim,Train
CLM00130,Valid Claim,Train
CLM00131,Valid Claim,Train
CLM00132,Invalid Claim,Train
CLM00133,Invalid Claim,Test
CLM00134,Manual Review,Train
CLM00135,Invalid Claim,Validation
CLM00136,Invalid Claim,Train
CLM00137,Invalid Claim,Test
CLM00138,Manual Review,Test
CLM00139,Invalid Claim,Train
CLM00140,Invalid Claim,Train
CLM00141,Invalid Claim,Train
CLM00142,Manual Review,Train
CLM00143,Invalid Claim,Train
CLM00144,Manual Review,Test
CLM00145,Valid Claim,Train
CLM00146,Valid Claim,Validation
CLM00147,Invalid Claim,Train
CLM00148,Invalid Claim,Train
CLM00149,Valid Claim,Validation
CLM00150,Invalid Claim,Train
CLM00151,Manual Review,Validation
CLM00152,Invalid Claim,Train
CLM00153,Manual Review,Train
CLM00154,Invalid Claim,Train
CLM00155,Invalid Claim,Validation
CLM00156,Invalid Claim,Train
CLM00157,Invalid Claim,Train
CLM00158,Valid Claim,Validation
CLM00159,Valid Claim,Train
CLM00160,Invalid Claim,Train
CLM00161,Invalid Claim,Train
CLM00162,Valid Claim,Train
CLM00163,Valid Claim,Train
CLM00164,Valid Claim,Train
CLM00165,Invalid Claim,Train
CLM00166,Invalid Claim,Train
CLM00167,Invalid Claim,Train
CLM00168,Invalid Claim,Validation
CLM00169,Invalid Claim,Validation
CLM00170,Invalid Claim,Train
CLM00171,Invalid Claim,Train
CLM00172,Manual Review,Train
CLM00173,Invalid Claim,Train
CLM00174,Invalid Claim,Train
CLM00175,Valid Claim,Train
CLM00176,Invalid Claim,Train
CLM00177,Invalid Claim,Train
CLM00178,Valid Claim,Train
CLM00179,Manual Review,Train
CLM00180,Manual Review,Train
CLM00181,Valid Claim,Train
CLM00182,Invalid Claim,Train
CLM00183,Valid Claim,Train
CLM00184,Invalid Claim,Train
CLM00185,Valid Claim,Train
CLM00186,Invalid Claim,Test
CLM00187,Invalid Claim,Validation
CLM00188,Invalid Claim,Test
CLM00189,Manual Review,Test
CLM00190,Manual Review,Train
CLM00191,Invalid Claim,Test
CLM00192,Valid Claim,Train
CLM00193,Manual Review,Train
CLM00194,Valid Claim,Validation
CLM00195,Valid Claim,Train
CLM00196,Invalid Claim,Test
CLM00197,Invalid Claim,Train
CLM00198,Manual Review,Validation
CLM00199,Valid Claim,Train
CLM00200,Manual Review,Train
CLM00201,Invalid Claim,Train
CLM00202,Manual Review,Train
CLM00203,Manual Review,Test
CLM00204,Manual Review,Test
CLM00205,Valid Claim,Train
CLM00206,Invalid Claim,Train
CLM00207,Manual Review,Train
CLM00208,Valid Claim,Train
CLM00209,Manual Review,Validation
CLM00210,Manual Review,Train
CLM00211,Valid Claim,Test
CLM00212,Manual Review,Validation
CLM00213,Valid Claim,Validation
CLM00214,Valid Claim,Test
CLM00215,Invalid Claim,Train
CLM00216,Invalid Claim,Validation
CLM00217,Invalid Claim,Test
CLM00218,Invalid Claim,Train
CLM00219,Manual Review,Validation
CLM00220,Invalid Claim,Train
CLM00221,Valid Claim,Train
CLM00222,Invalid Claim,Train
CLM00223,Manual Review,Train
CLM00224,Invalid Claim,Validation
CLM00225,Valid Claim,Train
CLM00226,Manual Review,Train
CLM00227,Valid Claim,Train
CLM00228,Valid Claim,Test
CLM00229,Valid Claim,Train
CLM00230,Valid Claim,Train
CLM00231,Invalid Claim,Train
CLM00232,Valid Claim,Train
CLM00233,Manual Review,Validation
CLM00234,Manual Review,Test
CLM00235,Manual Review,Test
CLM00236,Invalid Claim,Train
CLM00237,Invalid Claim,Train
CLM00238,Invalid Claim,Validation
CLM00239,Valid Claim,Train
CLM00240,Invalid Claim,Train
CLM00241,Manual Review,Train
CLM00242,Valid Claim,Train
CLM00243,Valid Claim,Train
CLM00244,Manual Review,Test
CLM00245,Manual Review,Validation
CLM00246,Invalid Claim,Train
CLM00247,Valid Claim,Train
CLM00248,Valid Claim,Train
CLM00249,Invalid Claim,Train
CLM00250,Invalid Claim,Train
CLM00251,Invalid Claim,Train
CLM00252,Invalid Claim,Train
CLM00253,Manual Review,Validation
CLM00254,Valid Claim,Train
CLM00255,Invalid Claim,Validation
CLM00256,Invalid Claim,Train
CLM00257,Valid Claim,Train
CLM00258,Invalid Claim,Train
CLM00259,Valid Claim,Train
CLM00260,Manual Review,Train
CLM00261,Valid Claim,Test
CLM00262,Invalid Claim,Train
CLM00263,Manual Review,Validation
CLM00264,Manual Review,Train
CLM00265,Valid Claim,Train
CLM00266,Invalid Claim,Test
CLM00267,Invalid Claim,Train
CLM00268,Manual Review,Test
CLM00269,Invalid Claim,Train
CLM00270,Valid Claim,Train
CLM00271,Manual Review,Train
CLM00272,Invalid Claim,Train
CLM00273,Invalid Claim,Test
CLM00274,Invalid Claim,Train
CLM00275,Invalid Claim,Train
CLM00276,Invalid Claim,Train
CLM00277,Invalid Claim,Test
CLM00278,Invalid Claim,Test
CLM00279,Manual Review,Train
CLM00280,Valid Claim,Train
CLM00281,Valid Claim,Train
CLM00282,Invalid Claim,Test
CLM00283,Invalid Claim,Validation
CLM00284,Valid Claim,Train
CLM00285,Invalid Claim,Test
CLM00286,Invalid Claim,Train
CLM00287,Manual Review,Train
CLM00288,Valid Claim,Train
CLM00289,Invalid Claim,Train
CLM00290,Valid Claim,Train
CLM00291,Manual Review,Train
CLM00292,Invalid Claim,Train
CLM00293,Invalid Claim,Train
CLM00294,Invalid Claim,Test
CLM00295,Valid Claim,Train
CLM00296,Valid Claim,Train
CLM00297,Manual Review,Test
CLM00298,Valid Claim,Train
CLM00299,Invalid Claim,Train
CLM00300,Valid Claim,Train
CLM00301,Manual Review,Train
CLM00302,Manual Review,Train
CLM00303,Manual Review,Train
CLM00304,Invalid Claim,Test
CLM00305,Invalid Claim,Train
CLM00306,Valid Claim,Train
CLM00307,Manual Review,Train
CLM00308,Valid Claim,Test
CLM00309,Invalid Claim,Train
CLM00310,Invalid Claim,Train
CLM00311,Valid Claim,Test
CLM00312,Invalid Claim,Train
CLM00313,Invalid Claim,Test
CLM00314,Valid Claim,Train
CLM00315,Invalid Claim,Train
CLM00316,Valid Claim,Train
CLM00317,Invalid Claim,Train
CLM00318,Invalid Claim,Train
CLM00319,Invalid Claim,Train
CLM00320,Invalid Claim,Test
CLM00321,Invalid Claim,Test
CLM00322,Valid Claim,Validation
CLM00323,Invalid Claim,Train
CLM00324,Valid Claim,Train
CLM00325,Invalid Claim,Train
CLM00326,Manual Review,Validation
CLM00327,Invalid Claim,Validation
CLM00328,Manual Review,Train
CLM00329,Invalid Claim,Train
CLM00330,Invalid Claim,Validation
CLM00331,Invalid Claim,Validation
CLM00332,Valid Claim,Train
CLM00333,Invalid Claim,Train
CLM00334,Invalid Claim,Validation
CLM00335,Valid Claim,Train
CLM00336,Manual Review,Train
CLM00337,Valid Claim,Train
CLM00338,Invalid Claim,Train
CLM00339,Manual Review,Train
CLM00340,Valid Claim,Train
CLM00341,Valid Claim,Train
CLM00342,Valid Claim,Validation
CLM00343,Valid Claim,Train
CLM00344,Valid Claim,Train
CLM00345,Valid Claim,Train
CLM00346,Invalid Claim,Train
CLM00347,Invalid Claim,Test
CLM00348,Manual Review,Test
CLM00349,Invalid Claim,Test
CLM00350,Invalid Claim,Train
CLM00351,Invalid Claim,Train
CLM00352,Valid Claim,Train
CLM00353,Invalid Claim,Train
CLM00354,Invalid Claim,Test
CLM00355,Manual Review,Train
CLM00356,Manual Review,Validation
CLM00357,Valid Claim,Train
CLM00358,Manual Review,Validation
CLM00359,Manual Review,Train
CLM00360,Valid Claim,Train
CLM00361,Manual Review,Train
CLM00362,Valid Claim,Test
CLM00363,Invalid Claim,Train
CLM00364,Invalid Claim,Train
CLM00365,Manual Review,Train
CLM00366,Invalid Claim,Train
CLM00367,Manual Review,Validation
CLM00368,Manual Review,Train
CLM00369,Manual Review,Test
CLM00370,Invalid Claim,Train
CLM00371,Invalid Claim,Train
CLM00372,Invalid Claim,Train
CLM00373,Valid Claim,Test
CLM00374,Invalid Claim,Train
CLM00375,Manual Review,Train
CLM00376,Invalid Claim,Train
CLM00377,Invalid Claim,Validation
CLM00378,Invalid Claim,Train
CLM00379,Invalid Claim,Train
CLM00380,Invalid Claim,Test
CLM00381,Manual Review,Train
CLM00382,Invalid Claim,Train
CLM00383,Invalid Claim,Train
CLM00384,Invalid Claim,Train
CLM00385,Valid Claim,Train
CLM00386,Invalid Claim,Train
CLM00387,Invalid Claim,Test
CLM00388,Valid Claim,Train
CLM00389,Valid Claim,Test
CLM00390,Invalid Claim,Validation
CLM00391,Manual Review,Train
CLM00392,Valid Claim,Validation
CLM00393,Invalid Claim,Train
CLM00394,Manual Review,Train
CLM00395,Valid Claim,Train
CLM00396,Valid Claim,Train
CLM00397,Invalid Claim,Validation
CLM00398,Valid Claim,Test
CLM00399,Invalid Claim,Train
CLM00400,Invalid Claim,Train
CLM00401,Invalid Claim,Train
CLM00402,Valid Claim,Train
CLM00403,Invalid Claim,Train
CLM00404,Manual Review,Train
CLM00405,Valid Claim,Train
CLM00406,Invalid Claim,Train
CLM00407,Valid Claim,Train
CLM00408,Invalid Claim,Train
CLM00409,Valid Claim,Train
CLM00410,Invalid Claim,Train
CLM00411,Valid Claim,Test
CLM00412,Invalid Claim,Train
CLM00413,Invalid Claim,Train
CLM00414,Valid Claim,Validation
CLM00415,Invalid Claim,Train
CLM00416,Invalid Claim,Train
CLM00417,Invalid Claim,Train
CLM00418,Invalid Claim,Train
CLM00419,Invalid Claim,Train
CLM00420,Invalid Claim,Validation
CLM00421,Valid Claim,Train
CLM00422,Valid Claim,Validation
CLM00423,Invalid Claim,Train
CLM00424,Invalid Claim,Train
CLM00425,Manual Review,Validation
CLM00426,Manual Review,Train
CLM00427,Manual Review,Train
CLM00428,Manual Review,Validation
CLM00429,Invalid Claim,Test
CLM00430,Manual Review,Train
CLM00431,Valid Claim,Train
CLM00432,Invalid Claim,Train
CLM00433,Invalid Claim,Train
CLM00434,Manual Review,Validation
CLM00435,Valid Claim,Train
CLM00436,Invalid Claim,Train
CLM00437,Invalid Claim,Validation
CLM00438,Valid Claim,Train
CLM00439,Manual Review,Train
CLM00440,Invalid Claim,Train
CLM00441,Manual Review,Train
CLM00442,Valid Claim,Train
CLM00443,Manual Review,Train
CLM00444,Invalid Claim,Train
CLM00445,Invalid Claim,Train
CLM00446,Invalid Claim,Train
CLM00447,Invalid Claim,Train
CLM00448,Valid Claim,Train
CLM00449,Manual Review,Train
CLM00450,Valid Claim,Test
CLM00451,Invalid Claim,Train
CLM00452,Manual Review,Train
CLM00453,Invalid Claim,Train
CLM00454,Valid Claim,Train
CLM00455,Invalid Claim,Train
CLM00456,Valid Claim,Train
CLM00457,Manual Review,Train
CLM00458,Invalid Claim,Train
CLM00459,Manual Review,Train
CLM00460,Valid Claim,Train
CLM00461,Invalid Claim,Train
CLM00462,Invalid Claim,Train
CLM00463,Invalid Claim,Train
CLM00464,Invalid Claim,Validation
CLM00465,Valid Claim,Test
CLM00466,Manual Review,Train
CLM00467,Valid Claim,Train
CLM00468,Invalid Claim,Train
CLM00469,Valid Claim,Validation
CLM00470,Invalid Claim,Train
CLM00471,Manual Review,Test
CLM00472,Manual Review,Train
CLM00473,Invalid Claim,Train
CLM00474,Valid Claim,Train
CLM00475,Invalid Claim,Train
CLM00476,Manual Review,Train
CLM00477,Invalid Claim,Train
CLM00478,Invalid Claim,Test
CLM00479,Valid Claim,Validation
CLM00480,Manual Review,Train
CLM00481,Manual Review,Train
CLM00482,Invalid Claim,Train
CLM00483,Invalid Claim,Train
CLM00484,Invalid Claim,Validation
CLM00485,Invalid Claim,Test
CLM00486,Manual Review,Validation
CLM00487,Valid Claim,Train
CLM00488,Invalid Claim,Train
CLM00489,Valid Claim,Validation
CLM00490,Invalid Claim,Train
CLM00491,Invalid Claim,Train
CLM00492,Valid Claim,Train
CLM00493,Invalid Claim,Train
CLM00494,Invalid Claim,Test
CLM00495,Invalid Claim,Train
CLM00496,Invalid Claim,Validation
CLM00497,Invalid Claim,Train
CLM00498,Manual Review,Test
CLM00499,Invalid Claim,Train
CLM00500,Manual Review,Train
CLM00501,Valid Claim,Train
CLM00502,Invalid Claim,Validation
CLM00503,Valid Claim,Test
CLM00504,Valid Claim,Validation
CLM00505,Invalid Claim,Train
CLM00506,Invalid Claim,Train
CLM00507,Manual Review,Train
CLM00508,Invalid Claim,Validation
CLM00509,Invalid Claim,Validation
CLM00510,Invalid Claim,Train
CLM00511,Invalid Claim,Train
CLM00512,Valid Claim,Validation
CLM00513,Manual Review,Train
CLM00514,Valid Claim,Train
CLM00515,Manual Review,Train
CLM00516,Invalid Claim,Test
CLM00517,Valid Claim,Validation
CLM00518,Valid Claim,Train
CLM00519,Invalid Claim,Train
CLM00520,Invalid Claim,Test
CLM00521,Manual Review,Train
CLM00522,Invalid Claim,Train
CLM00523,Invalid Claim,Train
CLM00524,Valid Claim,Train
CLM00525,Manual Review,Train
CLM00526,Valid Claim,Train
CLM00527,Valid Claim,Train
CLM00528,Invalid Claim,Train
CLM00529,Invalid Claim,Train
CLM00530,Invalid Claim,Train
CLM00531,Manual Review,Test
CLM00532,Invalid Claim,Validation
CLM00533,Invalid Claim,Train
CLM00534,Invalid Claim,Train
CLM00535,Valid Claim,Train
CLM00536,Invalid Claim,Test
CLM00537,Invalid Claim,Train
CLM00538,Invalid Claim,Train
CLM00539,Valid Claim,Train
CLM00540,Invalid Claim,Train
CLM00541,Manual Review,Train
CLM00542,Invalid Claim,Validation
CLM00543,Manual Review,Test
CLM00544,Invalid Claim,Train
CLM00545,Valid Claim,Train
CLM00546,Invalid Claim,Train
CLM00547,Invalid Claim,Test
CLM00548,Invalid Claim,Train
CLM00549,Manual Review,Train
CLM00550,Valid Claim,Validation
CLM00551,Invalid Claim,Train
CLM00552,Invalid Claim,Train
CLM00553,Invalid Claim,Train
CLM00554,Invalid Claim,Train
CLM00555,Valid Claim,Validation
CLM00556,Manual Review,Train
CLM00557,Manual Review,Train
CLM00558,Invalid Claim,Test
CLM00559,Manual Review,Train
CLM00560,Invalid Claim,Train
CLM00561,Valid Claim,Validation
CLM00562,Invalid Claim,Validation
CLM00563,Invalid Claim,Train
CLM00564,Manual Review,Validation
CLM00565,Manual Review,Train
CLM00566,Invalid Claim,Train
CLM00567,Invalid Claim,Train
CLM00568,Invalid Claim,Train
CLM00569,Invalid Claim,Train
CLM00570,Invalid Claim,Train
CLM00571,Valid Claim,Train
CLM00572,Invalid Claim,Test
CLM00573,Invalid Claim,Train
CLM00574,Invalid Claim,Validation
CLM00575,Valid Claim,Train
CLM00576,Valid Claim,Test
CLM00577,Valid Claim,Train
CLM00578,Invalid Claim,Train
CLM00579,Invalid Claim,Train
CLM00580,Invalid Claim,Train
CLM00581,Valid Claim,Train
CLM00582,Manual Review,Train
CLM00583,Manual Review,Validation
CLM00584,Manual Review,Validation
CLM00585,Manual Review,Test
CLM00586,Invalid Claim,Train
CLM00587,Valid Claim,Train
CLM00588,Invalid Claim,Train
CLM00589,Invalid Claim,Validation
CLM00590,Manual Review,Test
CLM00591,Valid Claim,Train
CLM00592,Invalid Claim,Train
CLM00593,Manual Review,Train
CLM00594,Manual Review,Test
CLM00595,Invalid Claim,Train
CLM00596,Valid Claim,Train
CLM00597,Valid Claim,Train
CLM00598,Valid Claim,Test
CLM00599,Manual Review,Train
CLM00600,Valid Claim,Train
CLM00601,Invalid Claim,Train
CLM00602,Invalid Claim,Train
CLM00603,Valid Claim,Train
CLM00604,Invalid Claim,Train
CLM00605,Invalid Claim,Train
CLM00606,Invalid Claim,Train
CLM00607,Valid Claim,Test
CLM00608,Valid Claim,Train
CLM00609,Invalid Claim,Train
CLM00610,Valid Claim,Train
CLM00611,Manual Review,Train
CLM00612,Valid Claim,Validation
CLM00613,Invalid Claim,Train
CLM00614,Valid Claim,Train
CLM00615,Invalid Claim,Train
CLM00616,Invalid Claim,Train
CLM00617,Valid Claim,Train
CLM00618,Manual Review,Train
CLM00619,Invalid Claim,Train
CLM00620,Invalid Claim,Validation
CLM00621,Invalid Claim,Train
CLM00622,Invalid Claim,Train
CLM00623,Invalid Claim,Train
CLM00624,Invalid Claim,Validation
CLM00625,Invalid Claim,Test
CLM00626,Invalid Claim,Train
CLM00627,Invalid Claim,Test
CLM00628,Invalid Claim,Train
CLM00629,Invalid Claim,Train
CLM00630,Valid Claim,Validation
CLM00631,Invalid Claim,Train
CLM00632,Invalid Claim,Train
CLM00633,Invalid Claim,Train
CLM00634,Invalid Claim,Train
CLM00635,Invalid Claim,Train
CLM00636,Invalid Claim,Train
CLM00637,Valid Claim,Train
CLM00638,Invalid Claim,Train
CLM00639,Manual Review,Train
CLM00640,Valid Claim,Train
CLM00641,Manual Review,Train
CLM00642,Valid Claim,Validation
CLM00643,Manual Review,Train
CLM00644,Manual Review,Train
CLM00645,Invalid Claim,Train
CLM00646,Invalid Claim,Train
CLM00647,Manual Review,Train
CLM00648,Invalid Claim,Test
CLM00649,Manual Review,Train
CLM00650,Invalid Claim,Train
CLM00651,Manual Review,Test
CLM00652,Invalid Claim,Train
CLM00653,Valid Claim,Test
CLM00654,Valid Claim,Train
CLM00655,Manual Review,Train
CLM00656,Valid Claim,Train
CLM00657,Invalid Claim,Train
CLM00658,Invalid Claim,Train
CLM00659,Invalid Claim,Train
CLM00660,Invalid Claim,Validation
CLM00661,Valid Claim,Validation
CLM00662,Invalid Claim,Train
CLM00663,Valid Claim,Train
CLM00664,Invalid Claim,Train
CLM00665,Invalid Claim,Train
CLM00666,Invalid Claim,Train
CLM00667,Manual Review,Train
CLM00668,Invalid Claim,Validation
CLM00669,Invalid Claim,Train
CLM00670,Manual Review,Train
CLM00671,Invalid Claim,Train
CLM00672,Valid Claim,Validation
CLM00673,Invalid Claim,Train
CLM00674,Invalid Claim,Train
CLM00675,Valid Claim,Train
CLM00676,Invalid Claim,Validation
CLM00677,Invalid Claim,Train
CLM00678,Invalid Claim,Validation
CLM00679,Invalid Claim,Train
CLM00680,Valid Claim,Validation
CLM00681,Invalid Claim,Validation
CLM00682,Invalid Claim,Test
CLM00683,Invalid Claim,Test
CLM00684,Valid Claim,Validation
CLM00685,Invalid Claim,Train
CLM00686,Valid Claim,Test
CLM00687,Invalid Claim,Train
CLM00688,Invalid Claim,Test
CLM00689,Valid Claim,Train
CLM00690,Invalid Claim,Test
CLM00691,Invalid Claim,Test
CLM00692,Invalid Claim,Test
CLM00693,Manual Review,Train
CLM00694,Manual Review,Validation
CLM00695,Manual Review,Test
CLM00696,Invalid Claim,Train
CLM00697,Invalid Claim,Train
CLM00698,Valid Claim,Validation
CLM00699,Invalid Claim,Train
CLM00700,Invalid Claim,Train
CLM00701,Invalid Claim,Train
CLM00702,Invalid Claim,Validation
CLM00703,Valid Claim,Train
CLM00704,Invalid Claim,Train
CLM00705,Valid Claim,Train
CLM00706,Invalid Claim,Test
CLM00707,Valid Claim,Train
CLM00708,Manual Review,Train
CLM00709,Valid Claim,Validation
CLM00710,Manual Review,Test
CLM00711,Invalid Claim,Test
CLM00712,Invalid Claim,Test
CLM00713,Manual Review,Train
CLM00714,Invalid Claim,Train
CLM00715,Valid Claim,Train
CLM00716,Manual Review,Train
CLM00717,Valid Claim,Train
CLM00718,Valid Claim,Validation
CLM00719,Invalid Claim,Test
CLM00720,Invalid Claim,Train
CLM00721,Invalid Claim,Test
CLM00722,Invalid Claim,Validation
CLM00723,Valid Claim,Train
CLM00724,Invalid Claim,Train
CLM00725,Invalid Claim,Train
CLM00726,Invalid Claim,Test
CLM00727,Invalid Claim,Train
CLM00728,Invalid Claim,Test
CLM00729,Invalid Claim,Train
CLM00730,Invalid Claim,Train
CLM00731,Invalid Claim,Train
CLM00732,Invalid Claim,Test
CLM00733,Manual Review,Train
CLM00734,Manual Review,Train
CLM00735,Valid Claim,Train
CLM00736,Manual Review,Test
CLM00737,Valid Claim,Train
CLM00738,Invalid Claim,Test
CLM00739,Valid Claim,Train
CLM00740,Valid Claim,Train
CLM00741,Invalid Claim,Train
CLM00742,Invalid Claim,Train
CLM00743,Invalid Claim,Train
CLM00744,Invalid Claim,Validation
CLM00745,Invalid Claim,Train
CLM00746,Valid Claim,Test
CLM00747,Invalid Claim,Train
CLM00748,Valid Claim,Train
CLM00749,Valid Claim,Train
CLM00750,Invalid Claim,Train
CLM00751,Manual Review,Validation
CLM00752,Invalid Claim,Validation
CLM00753,Invalid Claim,Validation
CLM00754,Invalid Claim,Test
CLM00755,Valid Claim,Train
CLM00756,Manual Review,Test
CLM00757,Manual Review,Train
CLM00758,Invalid Claim,Train
CLM00759,Manual Review,Validation
CLM00760,Invalid Claim,Validation
CLM00761,Invalid Claim,Train
CLM00762,Invalid Claim,Validation
CLM00763,Invalid Claim,Validation
CLM00764,Invalid Claim,Test
CLM00765,Invalid Claim,Test
CLM00766,Valid Claim,Train
CLM00767,Manual Review,Train
CLM00768,Invalid Claim,Train
CLM00769,Invalid Claim,Train
CLM00770,Invalid Claim,Train
CLM00771,Manual Review,Train
CLM00772,Valid Claim,Train
CLM00773,Manual Review,Train
CLM00774,Invalid Claim,Train
CLM00775,Manual Review,Train
CLM00776,Manual Review,Train
CLM00777,Manual Review,Train
CLM00778,Manual Review,Train
CLM00779,Manual Review,Train
CLM00780,Manual Review,Train
CLM00781,Valid Claim,Test
CLM00782,Valid Claim,Test
CLM00783,Manual Review,Train
CLM00784,Valid Claim,Train
CLM00785,Valid Claim,Test
CLM00786,Manual Review,Train
CLM00787,Invalid Claim,Validation
CLM00788,Valid Claim,Train
CLM00789,Invalid Claim,Train
CLM00790,Valid Claim,Train
CLM00791,Invalid Claim,Validation
CLM00792,Manual Review,Test
CLM00793,Valid Claim,Train
CLM00794,Invalid Claim,Train
CLM00795,Manual Review,Train
CLM00796,Invalid Claim,Train
CLM00797,Invalid Claim,Train
CLM00798,Invalid Claim,Train
CLM00799,Invalid Claim,Train
CLM00800,Valid Claim,Train
CLM00801,Invalid Claim,Validation
CLM00802,Invalid Claim,Test
CLM00803,Invalid Claim,Validation
CLM00804,Invalid Claim,Train
CLM00805,Invalid Claim,Train
CLM00806,Valid Claim,Train
CLM00807,Valid Claim,Validation
CLM00808,Manual Review,Train
CLM00809,Invalid Claim,Train
CLM00810,Invalid Claim,Train
CLM00811,Manual Review,Train
CLM00812,Manual Review,Train
CLM00813,Invalid Claim,Train
CLM00814,Manual Review,Test
CLM00815,Invalid Claim,Train
CLM00816,Invalid Claim,Train
CLM00817,Manual Review,Train
CLM00818,Invalid Claim,Train
CLM00819,Invalid Claim,Train
CLM00820,Invalid Claim,Validation
CLM00821,Valid Claim,Validation
CLM00822,Valid Claim,Train
CLM00823,Invalid Claim,Validation
CLM00824,Manual Review,Train
CLM00825,Manual Review,Train
CLM00826,Valid Claim,Train
CLM00827,Manual Review,Train
CLM00828,Invalid Claim,Test
CLM00829,Invalid Claim,Train
CLM00830,Invalid Claim,Train
CLM00831,Invalid Claim,Train
CLM00832,Invalid Claim,Validation
CLM00833,Invalid Claim,Validation
CLM00834,Valid Claim,Test
CLM00835,Manual Review,Train
CLM00836,Manual Review,Train
CLM00837,Valid Claim,Train
CLM00838,Manual Review,Train
CLM00839,Invalid Claim,Train
CLM00840,Invalid Claim,Train
CLM00841,Invalid Claim,Train
CLM00842,Valid Claim,Train
CLM00843,Valid Claim,Train
CLM00844,Invalid Claim,Train
CLM00845,Invalid Claim,Test
CLM00846,Invalid Claim,Validation
CLM00847,Invalid Claim,Validation
CLM00848,Invalid Claim,Validation
CLM00849,Valid Claim,Train
CLM00850,Valid Claim,Test
CLM00851,Valid Claim,Validation
CLM00852,Invalid Claim,Validation
CLM00853,Invalid Claim,Train
CLM00854,Manual Review,Train
CLM00855,Manual Review,Train
CLM00856,Invalid Claim,Train
CLM00857,Valid Claim,Train
CLM00858,Valid Claim,Test
CLM00859,Valid Claim,Train
CLM00860,Valid Claim,Test
CLM00861,Valid Claim,Train
CLM00862,Manual Review,Train
CLM00863,Manual Review,Train
CLM00864,Valid Claim,Test
CLM00865,Valid Claim,Validation
CLM00866,Invalid Claim,Train
CLM00867,Invalid Claim,Train
CLM00868,Manual Review,Train
CLM00869,Invalid Claim,Train
CLM00870,Invalid Claim,Train
CLM00871,Invalid Claim,Train
CLM00872,Invalid Claim,Test
CLM00873,Manual Review,Train
CLM00874,Invalid Claim,Validation
CLM00875,Valid Claim,Test
CLM00876,Invalid Claim,Train
CLM00877,Valid Claim,Train
CLM00878,Manual Review,Train
CLM00879,Manual Review,Validation
CLM00880,Invalid Claim,Train
CLM00881,Manual Review,Train
CLM00882,Manual Review,Test
CLM00883,Valid Claim,Train
CLM00884,Valid Claim,Train
CLM00885,Invalid Claim,Train
CLM00886,Invalid Claim,Train
CLM00887,Invalid Claim,Validation
CLM00888,Valid Claim,Train
CLM00889,Valid Claim,Validation
CLM00890,Invalid Claim,Train
CLM00891,Manual Review,Train
CLM00892,Manual Review,Train
CLM00893,Valid Claim,Train
CLM00894,Valid Claim,Validation
CLM00895,Manual Review,Train
CLM00896,Valid Claim,Train
CLM00897,Manual Review,Test
CLM00898,Invalid Claim,Train
CLM00899,Valid Claim,Train
CLM00900,Valid Claim,Train
CLM00901,Valid Claim,Test
CLM00902,Manual Review,Test
CLM00903,Invalid Claim,Train
CLM00904,Manual Review,Train
CLM00905,Invalid Claim,Validation
CLM00906,Manual Review,Train
CLM00907,Invalid Claim,Train
CLM00908,Invalid Claim,Train
CLM00909,Manual Review,Train
CLM00910,Invalid Claim,Test
CLM00911,Invalid Claim,Train
CLM00912,Valid Claim,Train
CLM00913,Invalid Claim,Train
CLM00914,Invalid Claim,Train
CLM00915,Valid Claim,Train
CLM00916,Manual Review,Train
CLM00917,Invalid Claim,Validation
CLM00918,Invalid Claim,Train
CLM00919,Invalid Claim,Test
CLM00920,Valid Claim,Train
CLM00921,Invalid Claim,Test
CLM00922,Invalid Claim,Validation
CLM00923,Valid Claim,Test
CLM00924,Valid Claim,Train
CLM00925,Invalid Claim,Validation
CLM00926,Valid Claim,Train
CLM00927,Manual Review,Test
CLM00928,Invalid Claim,Train
CLM00929,Valid Claim,Train
CLM00930,Invalid Claim,Train
CLM00931,Invalid Claim,Train
CLM00932,Invalid Claim,Validation
CLM00933,Invalid Claim,Validation
CLM00934,Invalid Claim,Train
CLM00935,Invalid Claim,Validation
CLM00936,Invalid Claim,Train
CLM00937,Invalid Claim,Train
CLM00938,Manual Review,Train
CLM00939,Invalid Claim,Train
CLM00940,Invalid Claim,Train
CLM00941,Manual Review,Train
CLM00942,Invalid Claim,Validation
CLM00943,Invalid Claim,Train
CLM00944,Invalid Claim,Test
CLM00945,Invalid Claim,Train
CLM00946,Valid Claim,Test
CLM00947,Invalid Claim,Validation
CLM00948,Valid Claim,Train
CLM00949,Manual Review,Train
CLM00950,Invalid Claim,Validation
CLM00951,Valid Claim,Test
CLM00952,Valid Claim,Train
CLM00953,Invalid Claim,Validation
CLM00954,Valid Claim,Train
CLM00955,Invalid Claim,Train
CLM00956,Invalid Claim,Test
CLM00957,Invalid Claim,Train
CLM00958,Invalid Claim,Train
CLM00959,Invalid Claim,Train
CLM00960,Valid Claim,Test
CLM00961,Invalid Claim,Test
CLM00962,Invalid Claim,Train
CLM00963,Invalid Claim,Validation
CLM00964,Valid Claim,Validation
CLM00965,Valid Claim,Train
CLM00966,Invalid Claim,Test
CLM00967,Invalid Claim,Train
CLM00968,Valid Claim,Train
CLM00969,Manual Review,Train
CLM00970,Invalid Claim,Train
CLM00971,Manual Review,Test
CLM00972,Invalid Claim,Train
CLM00973,Valid Claim,Train
CLM00974,Valid Claim,Train
CLM00975,Invalid Claim,Train
CLM00976,Invalid Claim,Train
CLM00977,Invalid Claim,Train
CLM00978,Valid Claim,Train
CLM00979,Valid Claim,Train
CLM00980,Valid Claim,Train
CLM00981,Valid Claim,Train
CLM00982,Manual Review,Train
CLM00983,Valid Claim,Train
CLM00984,Valid Claim,Train
CLM00985,Valid Claim,Validation
CLM00986,Valid Claim,Train
CLM00987,Manual Review,Test
CLM00988,Valid Claim,Test
CLM00989,Manual Review,Train
CLM00990,Valid Claim,Test
CLM00991,Manual Review,Train
CLM00992,Valid Claim,Train
CLM00993,Manual Review,Validation
CLM00994,Valid Claim,Test
CLM00995,Valid Claim,Train
CLM00996,Valid Claim,Train
CLM00997,Valid Claim,Train
CLM00998,Valid Claim,Test
CLM00999,Manual Review,Test
CLM01000,Valid Claim,Train
CLM01001,Valid Claim,Train
CLM01002,Valid Claim,Train
CLM01003,Manual Review,Train
CLM01004,Valid Claim,Validation
CLM01005,Valid Claim,Train
CLM01006,Valid Claim,Train
CLM01007,Manual Review,Train
CLM01008,Valid Claim,Train
CLM01009,Manual Review,Validation
CLM01010,Manual Review,Train
CLM01011,Manual Review,Train
CLM01012,Manual Review,Train
CLM01013,Valid Claim,Train
CLM01014,Manual Review,Train
CLM01015,Valid Claim,Train
CLM01016,Valid Claim,Validation
CLM01017,Manual Review,Test
CLM01018,Valid Claim,Train
CLM01019,Valid Claim,Train
CLM01020,Valid Claim,Test
CLM01021,Valid Claim,Train
CLM01022,Valid Claim,Train
CLM01023,Valid Claim,Train
CLM01024,Manual Review,Train
CLM01025,Valid Claim,Train
CLM01026,Valid Claim,Train
CLM01027,Manual Review,Train
CLM01028,Manual Review,Train
CLM01029,Valid Claim,Train
CLM01030,Valid Claim,Train
CLM01031,Valid Claim,Train
CLM01032,Manual Review,Train
CLM01033,Manual Review,Train
CLM01034,Manual Review,Validation
CLM01035,Manual Review,Train
CLM01036,Valid Claim,Test
CLM01037,Valid Claim,Train
CLM01038,Manual Review,Train
CLM01039,Manual Review,Train
CLM01040,Valid Claim,Train
CLM01041,Manual Review,Train
CLM01042,Valid Claim,Train
CLM01043,Valid Claim,Train
CLM01044,Valid Claim,Train
CLM01045,Manual Review,Train
CLM01046,Manual Review,Train
CLM01047,Valid Claim,Train
CLM01048,Manual Review,Validation
CLM01049,Valid Claim,Test
CLM01050,Valid Claim,Train
CLM01051,Valid Claim,Train
CLM01052,Valid Claim,Train
CLM01053,Valid Claim,Train
CLM01054,Valid Claim,Test
CLM01055,Manual Review,Train
CLM01056,Valid Claim,Train
CLM01057,Manual Review,Train
CLM01058,Manual Review,Train
CLM01059,Valid Claim,Validation
CLM01060,Valid Claim,Validation
CLM01061,Valid Claim,Test
CLM01062,Manual Review,Train
CLM01063,Manual Review,Train
CLM01064,Manual Review,Train
CLM01065,Manual Review,Train
CLM01066,Valid Claim,Train
CLM01067,Manual Review,Train
CLM01068,Valid Claim,Train
CLM01069,Manual Review,Train
CLM01070,Manual Review,Train
CLM01071,Valid Claim,Train
CLM01072,Manual Review,Validation
CLM01073,Valid Claim,Train
CLM01074,Valid Claim,Test
CLM01075,Valid Claim,Train
CLM01076,Valid Claim,Train
CLM01077,Valid Claim,Test
CLM01078,Manual Review,Train
CLM01079,Valid Claim,Validation
CLM01080,Valid Claim,Train
CLM01081,Valid Claim,Validation
CLM01082,Manual Review,Validation
CLM01083,Manual Review,Train
CLM01084,Valid Claim,Train
CLM01085,Manual Review,Train
CLM01086,Manual Review,Test
CLM01087,Valid Claim,Validation
CLM01088,Manual Review,Train
CLM01089,Valid Claim,Train
CLM01090,Valid Claim,Train
CLM01091,Manual Review,Train
CLM01092,Valid Claim,Train
CLM01093,Manual Review,Train
CLM01094,Manual Review,Train
CLM01095,Valid Claim,Train
CLM01096,Manual Review,Test
CLM01097,Valid Claim,Test
CLM01098,Valid Claim,Train
CLM01099,Valid Claim,Train
CLM01100,Manual Review,Train
CLM01101,Manual Review,Validation
CLM01102,Valid Claim,Train
CLM01103,Valid Claim,Test
CLM01104,Manual Review,Test
CLM01105,Manual Review,Train
CLM01106,Valid Claim,Train
CLM01107,Manual Review,Train
CLM01108,Manual Review,Train
CLM01109,Valid Claim,Train
CLM01110,Valid Claim,Test
CLM01111,Manual Review,Validation
CLM01112,Valid Claim,Validation
CLM01113,Manual Review,Train
CLM01114,Manual Review,Test
CLM01115,Manual Review,Train
CLM01116,Valid Claim,Train
CLM01117,Manual Review,Train
CLM01118,Valid Claim,Train
CLM01119,Valid Claim,Test
CLM01120,Manual Review,Train
CLM01121,Valid Claim,Test
CLM01122,Manual Review,Validation
CLM01123,Valid Claim,Test
CLM01124,Manual Review,Train
CLM01125,Valid Claim,Train
CLM01126,Valid Claim,Validation
CLM01127,Manual Review,Train
CLM01128,Valid Claim,Train
CLM01129,Manual Review,Train
CLM01130,Manual Review,Train
CLM01131,Manual Review,Validation
CLM01132,Valid Claim,Validation
CLM01133,Valid Claim,Train
CLM01134,Manual Review,Train
CLM01135,Manual Review,Train
CLM01136,Valid Claim,Train
CLM01137,Manual Review,Train
CLM01138,Manual Review,Test
CLM01139,Manual Review,Train
CLM01140,Manual Review,Train
CLM01141,Valid Claim,Train
CLM01142,Valid Claim,Train
CLM01143,Manual Review,Train
CLM01144,Manual Review,Train
CLM01145,Valid Claim,Test
CLM01146,Manual Review,Validation
CLM01147,Valid Claim,Train
CLM01148,Manual Review,Test
CLM01149,Manual Review,Train
CLM01150,Valid Claim,Train
CLM01151,Valid Claim,Train
CLM01152,Valid Claim,Train
CLM01153,Valid Claim,Train
CLM01154,Valid Claim,Train
CLM01155,Valid Claim,Train
CLM01156,Manual Review,Train
CLM01157,Valid Claim,Train
CLM01158,Valid Claim,Train
CLM01159,Valid Claim,Train
CLM01160,Valid Claim,Train
CLM01161,Manual Review,Train
CLM01162,Manual Review,Train
CLM01163,Valid Claim,Validation
CLM01164,Manual Review,Train
CLM01165,Manual Review,Test
CLM01166,Valid Claim,Train
CLM01167,Manual Review,Train
CLM01168,Valid Claim,Train
CLM01169,Manual Review,Train
CLM01170,Manual Review,Train
CLM01171,Manual Review,Test
CLM01172,Manual Review,Train
CLM01173,Manual Review,Test
CLM01174,Manual Review,Train
CLM01175,Valid Claim,Train
CLM01176,Manual Review,Train
CLM01177,Valid Claim,Test
CLM01178,Manual Review,Train
CLM01179,Valid Claim,Train
CLM01180,Valid Claim,Train
CLM01181,Valid Claim,Validation
CLM01182,Manual Review,Validation
CLM01183,Manual Review,Train
CLM01184,Manual Review,Train
CLM01185,Manual Review,Validation
CLM01186,Manual Review,Train
CLM01187,Manual Review,Validation
CLM01188,Manual Review,Test
CLM01189,Valid Claim,Train
CLM01190,Manual Review,Train
CLM01191,Manual Review,Train
CLM01192,Manual Review,Test
CLM01193,Manual Review,Validation
CLM01194,Valid Claim,Train
CLM01195,Manual Review,Train
CLM01196,Manual Review,Train
CLM01197,Valid Claim,Validation
CLM01198,Manual Review,Train
CLM01199,Valid Claim,Validation
CLM01200,Valid Claim,Train
CLM01201,Manual Review,Validation
CLM01202,Valid Claim,Train
CLM01203,Manual Review,Train
CLM01204,Manual Review,Train
CLM01205,Valid Claim,Test
CLM01206,Manual Review,Train
CLM01207,Valid Claim,Train
CLM01208,Valid Claim,Validation
CLM01209,Manual Review,Validation
CLM01210,Manual Review,Train
CLM01211,Manual Review,Test
CLM01212,Manual Review,Train
CLM01213,Manual Review,Train
CLM01214,Valid Claim,Train
CLM01215,Valid Claim,Test
CLM01216,Valid Claim,Validation
CLM01217,Valid Claim,Train
CLM01218,Manual Review,Train
CLM01219,Valid Claim,Test
CLM01220,Valid Claim,Test
CLM01221,Valid Claim,Validation
CLM01222,Manual Review,Train
CLM01223,Manual Review,Train
CLM01224,Valid Claim,Train
CLM01225,Valid Claim,Test
CLM01226,Valid Claim,Train
CLM01227,Manual Review,Validation
CLM01228,Valid Claim,Validation
CLM01229,Manual Review,Train
CLM01230,Manual Review,Validation
CLM01231,Valid Claim,Train
CLM01232,Valid Claim,Train
CLM01233,Manual Review,Train
CLM01234,Valid Claim,Train
CLM01235,Valid Claim,Train
CLM01236,Valid Claim,Train
CLM01237,Manual Review,Train
CLM01238,Valid Claim,Train
CLM01239,Valid Claim,Validation
CLM01240,Valid Claim,Train
CLM01241,Valid Claim,Validation
CLM01242,Manual Review,Test
CLM01243,Manual Review,Test
CLM01244,Valid Claim,Train
CLM01245,Manual Review,Train
CLM01246,Manual Review,Train
CLM01247,Valid Claim,Validation
CLM01248,Manual Review,Train
CLM01249,Valid Claim,Train
CLM01250,Valid Claim,Train
CLM01251,Valid Claim,Train
CLM01252,Valid Claim,Train
CLM01253,Manual Review,Train
CLM01254,Valid Claim,Train
CLM01255,Valid Claim,Train
CLM01256,Manual Review,Train
CLM01257,Valid Claim,Train
CLM01258,Valid Claim,Train
CLM01259,Valid Claim,Train
CLM01260,Manual Review,Train
CLM01261,Manual Review,Test
CLM01262,Valid Claim,Train
CLM01263,Valid Claim,Validation
CLM01264,Valid Claim,Train
CLM01265,Valid Claim,Train
CLM01266,Valid Claim,Validation
CLM01267,Valid Claim,Test
CLM01268,Manual Review,Test
CLM01269,Valid Claim,Test
CLM01270,Manual Review,Test
CLM01271,Valid Claim,Train
CLM01272,Valid Claim,Train
CLM01273,Manual Review,Train
CLM01274,Valid Claim,Train
CLM01275,Manual Review,Test
CLM01276,Valid Claim,Train
CLM01277,Valid Claim,Train
CLM01278,Manual Review,Train
CLM01279,Manual Review,Train
CLM01280,Valid Claim,Train
CLM01281,Manual Review,Test
CLM01282,Manual Review,Train
CLM01283,Manual Review,Train
CLM01284,Manual Review,Train
CLM01285,Valid Claim,Train
CLM01286,Valid Claim,Test
CLM01287,Valid Claim,Test
CLM01288,Manual Review,Test
CLM01289,Valid Claim,Train
CLM01290,Valid Claim,Train
CLM01291,Manual Review,Validation
CLM01292,Manual Review,Train
CLM01293,Manual Review,Test
CLM01294,Valid Claim,Train
CLM01295,Valid Claim,Train
CLM01296,Manual Review,Train
CLM01297,Valid Claim,Train
CLM01298,Valid Claim,Train
CLM01299,Valid Claim,Train
CLM01300,Manual Review,Train
CLM01301,Valid Claim,Validation
CLM01302,Valid Claim,Train
CLM01303,Valid Claim,Train
CLM01304,Manual Review,Train
CLM01305,Valid Claim,Test
CLM01306,Valid Claim,Train
CLM01307,Manual Review,Train
CLM01308,Valid Claim,Train
CLM01309,Manual Review,Train
CLM01310,Manual Review,Train
CLM01311,Manual Review,Train
CLM01312,Valid Claim,Train
CLM01313,Valid Claim,Train
CLM01314,Manual Review,Train
CLM01315,Manual Review,Test
CLM01316,Manual Review,Train
CLM01317,Valid Claim,Train
CLM01318,Valid Claim,Train
CLM01319,Valid Claim,Validation
CLM01320,Valid Claim,Validation
CLM01321,Valid Claim,Train
CLM01322,Valid Claim,Validation
CLM01323,Manual Review,Validation
CLM01324,Manual Review,Validation
CLM01325,Manual Review,Train
CLM01326,Manual Review,Validation
CLM01327,Manual Review,Validation
CLM01328,Manual Review,Train
CLM01329,Valid Claim,Train
CLM01330,Valid Claim,Train
CLM01331,Valid Claim,Train
CLM01332,Valid Claim,Train
CLM01333,Valid Claim,Train
CLM01334,Valid Claim,Train
CLM01335,Manual Review,Train
CLM01336,Valid Claim,Train
CLM01337,Valid Claim,Test
CLM01338,Manual Review,Train
CLM01339,Valid Claim,Train
CLM01340,Manual Review,Train
CLM01341,Manual Review,Train
CLM01342,Valid Claim,Validation
CLM01343,Valid Claim,Train
CLM01344,Valid Claim,Train
CLM01345,Valid Claim,Train
CLM01346,Valid Claim,Train
CLM01347,Valid Claim,Validation
CLM01348,Valid Claim,Train
CLM01349,Valid Claim,Test
CLM01350,Valid Claim,Train
CLM01351,Manual Review,Train
CLM01352,Manual Review,Validation
CLM01353,Valid Claim,Train
CLM01354,Manual Review,Train
CLM01355,Manual Review,Train
CLM01356,Manual Review,Train
CLM01357,Manual Review,Test
CLM01358,Valid Claim,Validation
CLM01359,Manual Review,Train
CLM01360,Valid Claim,Train
CLM01361,Valid Claim,Validation
CLM01362,Valid Claim,Test
CLM01363,Valid Claim,Train
CLM01364,Valid Claim,Train
CLM01365,Manual Review,Train
CLM01366,Valid Claim,Train
CLM01367,Manual Review,Test
CLM01368,Manual Review,Train
CLM01369,Manual Review,Train
CLM01370,Manual Review,Train
CLM01371,Valid Claim,Train
CLM01372,Manual Review,Train
CLM01373,Valid Claim,Train
CLM01374,Manual Review,Train
CLM01375,Valid Claim,Train
CLM01376,Valid Claim,Train
CLM01377,Manual Review,Test
CLM01378,Manual Review,Validation
CLM01379,Valid Claim,Train
CLM01380,Manual Review,Validation
CLM01381,Valid Claim,Train
CLM01382,Manual Review,Validation
CLM01383,Valid Claim,Train
CLM01384,Valid Claim,Test
CLM01385,Manual Review,Test
CLM01386,Manual Review,Train
CLM01387,Manual Review,Train
CLM01388,Valid Claim,Validation
CLM01389,Manual Review,Validation
CLM01390,Manual Review,Test
CLM01391,Valid Claim,Train
CLM01392,Valid Claim,Train
CLM01393,Valid Claim,Train
CLM01394,Manual Review,Train
CLM01395,Valid Claim,Train
CLM01396,Valid Claim,Train
CLM01397,Valid Claim,Train
CLM01398,Valid Claim,Train
CLM01399,Valid Claim,Train
CLM01400,Valid Claim,Train
CLM01401,Manual Review,Train
CLM01402,Manual Review,Train
CLM01403,Manual Review,Train
CLM01404,Valid Claim,Train
CLM01405,Valid Claim,Validation
CLM01406,Valid Claim,Train
CLM01407,Manual Review,Train
CLM01408,Manual Review,Train
CLM01409,Valid Claim,Test
CLM01410,Manual Review,Train
CLM01411,Manual Review,Test
CLM01412,Valid Claim,Train
CLM01413,Manual Review,Train
CLM01414,Manual Review,Train
CLM01415,Manual Review,Validation
CLM01416,Manual Review,Train
CLM01417,Manual Review,Validation
CLM01418,Manual Review,Train
CLM01419,Manual Review,Train
CLM01420,Manual Review,Train
CLM01421,Manual Review,Train
CLM01422,Manual Review,Test
CLM01423,Manual Review,Train
CLM01424,Manual Review,Train
CLM01425,Manual Review,Train
CLM01426,Manual Review,Train
CLM01427,Manual Review,Validation
CLM01428,Manual Review,Train
CLM01429,Manual Review,Test
CLM01430,Manual Review,Train
CLM01431,Manual Review,Test
CLM01432,Manual Review,Train
CLM01433,Manual Review,Train
CLM01434,Manual Review,Train
CLM01435,Manual Review,Validation
CLM01436,Manual Review,Train
CLM01437,Manual Review,Train
CLM01438,Manual Review,Train
CLM01439,Manual Review,Validation
CLM01440,Manual Review,Test
CLM01441,Manual Review,Validation
CLM01442,Manual Review,Train
CLM01443,Manual Review,Train
CLM01444,Manual Review,Train
CLM01445,Manual Review,Train
CLM01446,Manual Review,Train
CLM01447,Manual Review,Train
CLM01448,Manual Review,Train
CLM01449,Manual Review,Validation
CLM01450,Manual Review,Train
CLM01451,Manual Review,Train
CLM01452,Manual Review,Train
CLM01453,Manual Review,Train
CLM01454,Manual Review,Train
CLM01455,Manual Review,Test
CLM01456,Manual Review,Train
CLM01457,Manual Review,Train
CLM01458,Manual Review,Train
CLM01459,Manual Review,Train
CLM01460,Manual Review,Train
CLM01461,Manual Review,Train
CLM01462,Manual Review,Train
CLM01463,Manual Review,Validation
CLM01464,Manual Review,Train
CLM01465,Manual Review,Train
CLM01466,Manual Review,Train
CLM01467,Manual Review,Validation
CLM01468,Manual Review,Train
CLM01469,Manual Review,Train
CLM01470,Manual Review,Test
CLM01471,Manual Review,Train
CLM01472,Manual Review,Train
CLM01473,Manual Review,Train
CLM01474,Manual Review,Train
CLM01475,Manual Review,Test
CLM01476,Manual Review,Train
CLM01477,Manual Review,Train
CLM01478,Manual Review,Train
CLM01479,Manual Review,Validation
CLM01480,Manual Review,Train
CLM01481,Manual Review,Train
CLM01482,Manual Review,Validation
CLM01483,Manual Review,Test
CLM01484,Manual Review,Test
CLM01485,Manual Review,Train
CLM01486,Manual Review,Train
CLM01487,Manual Review,Train
CLM01488,Manual Review,Train
CLM01489,Manual Review,Train
CLM01490,Manual Review,Train
CLM01491,Manual Review,Train
CLM01492,Manual Review,Validation
CLM01493,Manual Review,Test
CLM01494,Manual Review,Validation
CLM01495,Manual Review,Train
CLM01496,Manual Review,Train
CLM01497,Manual Review,Train
CLM01498,Manual Review,Validation
CLM01499,Manual Review,Train
CLM01500,Manual Review,Test
