Feature,MissingCount,UnknownCount
ProductAgeDays,12,0
ClaimReportingDelayDays,13,0
ApplicableWarrantyMonths,0,0
ComponentWarrantyEligible,0,0
WarrantyExpiryDate,22,0
WarrantyRemainingDays,27,0
WarrantyStatus,0,0
SpecialComponentWarrantyStatus,0,0
ReportingDeadlineDays,0,0
ClaimReportingWithinPeriod,0,0
FaultCovered,0,0
RequiredDocumentCount,0,0
AvailableRequiredDocumentCount,0,0
MissingRequiredDocumentCount,0,0
UnknownRequiredDocumentCount,0,0
RequiredDocumentCoverageRatio,0,0
RequiredDocumentsComplete,0,0
CriticalDocumentMissing,0,0
MissingDocumentCount,0,0
AvailableDocumentCount,0,0
PurchaseProofAvailable,65,0
WarrantyProofAvailable,0,0
ProductIdentityMatch,0,0
HasRepairHistory,0,0
HasPreviousReplacement,0,0
CustomerReportedDamageIndicator,0,0
ClaimAmountRatio,46,0
OCRQualityBand,0,74
ClaimMonth,5,0
ClaimDayOfWeek,5,0
