ClaimID,InputRows,DuplicateType,KeptRecordID,RemovedRecordIDs,DifferingColumns,Action
CLM00046,2,EXACT_AFTER_NORMALIZATION,REC-DUP-0002,REC00009,,KEEP_ONE
CLM00083,2,EXACT_AFTER_NORMALIZATION,REC-DUP-0010,REC01470,,KEEP_ONE
CLM00148,2,INGESTION_METADATA_ONLY,REC-DUP-0036,REC00948,SubmissionMinute | RandomScore,KEEP_ONE
CLM00163,2,INGESTION_METADATA_ONLY,REC-DUP-0038,REC00149,ClaimSubmissionChannel | SubmissionMinute | RandomScore,KEEP_ONE
CLM00167,2,EXACT_AFTER_NORMALIZATION,REC-DUP-0003,REC00606,,KEEP_ONE
CLM00169,2,EXACT_AFTER_NORMALIZATION,REC-DUP-0014,REC01271,,KEEP_ONE
CLM00199,2,INGESTION_METADATA_ONLY,REC-DUP-0043,REC01358,ClaimSubmissionChannel | SubmissionMinute | RandomScore,KEEP_ONE
CLM00233,2,EXACT_AFTER_NORMALIZATION,REC-DUP-0027,REC00726,,KEEP_ONE
CLM00338,2,EXACT_AFTER_NORMALIZATION,REC-DUP-0006,REC00522,,KEEP_ONE
CLM00366,2,EXACT_AFTER_NORMALIZATION,REC-DUP-0012,REC01449,,KEEP_ONE
CLM00374,2,EXACT_AFTER_NORMALIZATION,REC-DUP-0013,REC00262,,KEEP_ONE
CLM00383,2,INGESTION_METADATA_ONLY,REC-DUP-0039,REC01072,ClaimSubmissionChannel | SubmissionMinute | RandomScore,KEEP_ONE
CLM00387,2,INGESTION_METADATA_ONLY,REC-DUP-0045,REC00678,ClaimSubmissionChannel | SubmissionMinute | RandomScore,KEEP_ONE
CLM00409,2,EXACT_AFTER_NORMALIZATION,REC-DUP-0016,REC01381,,KEEP_ONE
CLM00451,2,EXACT_AFTER_NORMALIZATION,REC-DUP-0028,REC00365,,KEEP_ONE
CLM00455,2,EXACT_AFTER_NORMALIZATION,REC-DUP-0019,REC00134,,KEEP_ONE
CLM00468,2,INGESTION_METADATA_ONLY,REC-DUP-0035,REC00256,ClaimSubmissionChannel | SubmissionMinute | RandomScore,KEEP_ONE
CLM00522,2,EXACT_AFTER_NORMALIZATION,REC-DUP-0024,REC00753,,KEEP_ONE
CLM00607,2,INGESTION_METADATA_ONLY,REC-DUP-0032,REC01330,ClaimSubmissionChannel | SubmissionMinute | RandomScore,KEEP_ONE
CLM00614,2,EXACT_AFTER_NORMALIZATION,REC-DUP-0005,REC00136,,KEEP_ONE
CLM00654,2,EXACT_AFTER_NORMALIZATION,REC-DUP-0020,REC01455,,KEEP_ONE
CLM00665,2,EXACT_AFTER_NORMALIZATION,REC-DUP-0025,REC00246,,KEEP_ONE
CLM00722,2,EXACT_AFTER_NORMALIZATION,REC-DUP-0011,REC00512,,KEEP_ONE
CLM00725,2,EXACT_AFTER_NORMALIZATION,REC-DUP-0007,REC00437,,KEEP_ONE
CLM00786,2,INGESTION_METADATA_ONLY,REC-DUP-0041,REC01278,ClaimSubmissionChannel | SubmissionMinute | RandomScore,KEEP_ONE
CLM00801,2,EXACT_AFTER_NORMALIZATION,REC-DUP-0021,REC00267,,KEEP_ONE
CLM00834,2,EXACT_AFTER_NORMALIZATION,REC-DUP-0017,REC00864,,KEEP_ONE
CLM00863,2,EXACT_AFTER_NORMALIZATION,REC-DUP-0029,REC01135,,KEEP_ONE
CLM00959,2,EXACT_AFTER_NORMALIZATION,REC-DUP-0023,REC01120,,KEEP_ONE
CLM00966,2,EXACT_AFTER_NORMALIZATION,REC-DUP-0030,REC01245,,KEEP_ONE
CLM01054,2,INGESTION_METADATA_ONLY,REC-DUP-0040,REC00382,ClaimSubmissionChannel | SubmissionMinute | RandomScore,KEEP_ONE
CLM01154,2,EXACT_AFTER_NORMALIZATION,REC-DUP-0004,REC00982,,KEEP_ONE
CLM01187,2,EXACT_AFTER_NORMALIZATION,REC-DUP-0008,REC00386,,KEEP_ONE
CLM01198,2,EXACT_AFTER_NORMALIZATION,REC-DUP-0022,REC00178,,KEEP_ONE
CLM01203,2,EXACT_AFTER_NORMALIZATION,REC-DUP-0018,REC00765,,KEEP_ONE
CLM01248,2,EXACT_AFTER_NORMALIZATION,REC-DUP-0026,REC00965,,KEEP_ONE
CLM01251,2,EXACT_AFTER_NORMALIZATION,REC-DUP-0001,REC00933,,KEEP_ONE
CLM01260,2,INGESTION_METADATA_ONLY,REC-DUP-0042,REC00525,SubmissionMinute | RandomScore,KEEP_ONE
CLM01290,2,INGESTION_METADATA_ONLY,REC-DUP-0033,REC00381,ClaimSubmissionChannel | SubmissionMinute | RandomScore,KEEP_ONE
CLM01334,2,INGESTION_METADATA_ONLY,REC-DUP-0037,REC01273,SubmissionMinute | RandomScore,KEEP_ONE
CLM01358,2,INGESTION_METADATA_ONLY,REC-DUP-0034,REC01018,ClaimSubmissionChannel | SubmissionMinute | RandomScore,KEEP_ONE
CLM01375,2,EXACT_AFTER_NORMALIZATION,REC-DUP-0009,REC00530,,KEEP_ONE
CLM01385,2,INGESTION_METADATA_ONLY,REC-DUP-0044,REC00062,ClaimSubmissionChannel | SubmissionMinute | RandomScore,KEEP_ONE
CLM01409,2,INGESTION_METADATA_ONLY,REC-DUP-0031,REC00414,SubmissionMinute | RandomScore,KEEP_ONE
CLM01438,2,EXACT_AFTER_NORMALIZATION,REC-DUP-0015,REC00314,,KEEP_ONE
