ClaimID,RowCount,RecordIDs,DuplicateType,ContentVariants
CLM00046,2,REC00009 | REC-DUP-0002,Exact duplicate,1
CLM00083,2,REC-DUP-0010 | REC01470,Exact duplicate,1
CLM00167,2,REC00606 | REC-DUP-0003,Exact duplicate,1
CLM00169,2,REC01271 | REC-DUP-0014,Exact duplicate,1
CLM00233,2,REC00726 | REC-DUP-0027,Exact duplicate,1
CLM00338,2,REC00522 | REC-DUP-0006,Exact duplicate,1
CLM00366,2,REC01449 | REC-DUP-0012,Exact duplicate,1
CLM00374,2,REC-DUP-0013 | REC00262,Exact duplicate,1
CLM00409,2,REC01381 | REC-DUP-0016,Exact duplicate,1
CLM00451,2,REC-DUP-0028 | REC00365,Exact duplicate,1
CLM00455,2,REC00134 | REC-DUP-0019,Exact duplicate,1
CLM00522,2,REC00753 | REC-DUP-0024,Exact duplicate,1
CLM00614,2,REC00136 | REC-DUP-0005,Exact duplicate,1
CLM00654,2,REC-DUP-0020 | REC01455,Exact duplicate,1
CLM00665,2,REC-DUP-0025 | REC00246,Exact duplicate,1
CLM00722,2,REC-DUP-0011 | REC00512,Exact duplicate,1
CLM00725,2,REC00437 | REC-DUP-0007,Exact duplicate,1
CLM00801,2,REC00267 | REC-DUP-0021,Exact duplicate,1
CLM00834,2,REC-DUP-0017 | REC00864,Exact duplicate,1
CLM00863,2,REC-DUP-0029 | REC01135,Exact duplicate,1
CLM00959,2,REC01120 | REC-DUP-0023,Exact duplicate,1
CLM00966,2,REC01245 | REC-DUP-0030,Exact duplicate,1
CLM01154,2,REC-DUP-0004 | REC00982,Exact duplicate,1
CLM01187,2,REC00386 | REC-DUP-0008,Exact duplicate,1
CLM01198,2,REC-DUP-0022 | REC00178,Exact duplicate,1
CLM01203,2,REC-DUP-0018 | REC00765,Exact duplicate,1
CLM01248,2,REC00965 | REC-DUP-0026,Exact duplicate,1
CLM01251,2,REC-DUP-0001 | REC00933,Exact duplicate,1
CLM01375,2,REC00530 | REC-DUP-0009,Exact duplicate,1
CLM01438,2,REC00314 | REC-DUP-0015,Exact duplicate,1
CLM00148,2,REC00948 | REC-DUP-0036,Near duplicate,2
CLM00163,2,REC-DUP-0038 | REC00149,Near duplicate,2
CLM00199,2,REC01358 | REC-DUP-0043,Near duplicate,2
CLM00383,2,REC-DUP-0039 | REC01072,Near duplicate,2
CLM00387,2,REC-DUP-0045 | REC00678,Near duplicate,2
CLM00468,2,REC-DUP-0035 | REC00256,Near duplicate,2
CLM00607,2,REC01330 | REC-DUP-0032,Near duplicate,2
CLM00786,2,REC01278 | REC-DUP-0041,Near duplicate,2
CLM01054,2,REC00382 | REC-DUP-0040,Near duplicate,2
CLM01260,2,REC00525 | REC-DUP-0042,Near duplicate,2
CLM01290,2,REC-DUP-0033 | REC00381,Near duplicate,2
CLM01334,2,REC01273 | REC-DUP-0037,Near duplicate,2
CLM01358,2,REC-DUP-0034 | REC01018,Near duplicate,2
CLM01385,2,REC00062 | REC-DUP-0044,Near duplicate,2
CLM01409,2,REC00414 | REC-DUP-0031,Near duplicate,2
