Feature,MissingCount,MissingPercent,UnknownCount
ProductAgeDays,21,1.4,0
ClaimReportingDelayDays,19,1.2667,0
WarrantyExpiryDate,18,1.2,0
WarrantyRemainingDays,30,2.0,0
WarrantyStatus,0,0.0,0
ClaimReportingWithinPeriod,0,0.0,0
FaultCovered,0,0.0,0
MissingDocumentCount,0,0.0,0
AvailableDocumentCount,0,0.0,0
RequiredDocumentsComplete,0,0.0,0
PurchaseProofAvailable,79,5.2667,0
HasRepairHistory,0,0.0,0
HasPreviousReplacement,0,0.0,0
OCRQualityBand,0,0.0,50
ClaimMonth,12,0.8,0
ClaimDayOfWeek,12,0.8,0
