Column,MissingCount,MissingPercent
RepairReportAvailable,138,8.932
PreviousRepairCost,135,8.7379
FaultEvidenceAvailable,109,7.055
WarrantyCardAvailable,93,6.0194
ReceiptAvailable,82,5.3074
ProductImageAvailable,64,4.1424
SerialEvidenceAvailable,62,4.0129
ClaimAmount,48,3.1068
OCRConfidence,45,2.9126
ModelNumber,28,1.8123
SerialNumber,16,1.0356
Brand,15,0.9709
ClaimDate,8,0.5178
FaultDate,1,0.0647
PurchaseDate,1,0.0647
BrowserFamily,0,0.0
ClaimClass,0,0.0
ClaimID,0,0.0
ClaimSubmissionChannel,0,0.0
ContradictionIndicator,0,0.0
CustomerID,0,0.0
DamageType,0,0.0
DocumentDuplicateIndicator,0,0.0
DuplicateClaimIndicator,0,0.0
ExtendedWarranty,0,0.0
FaultType,0,0.0
InternalBatchCode,0,0.0
PreviousRepair,0,0.0
PreviousReplacement,0,0.0
PriorClaimCount,0,0.0
ProductCategory,0,0.0
ProductID,0,0.0
ProductModelConsistent,0,0.0
RandomScore,0,0.0
RecordID,0,0.0
RepairAuthorized,0,0.0
RepairCount,0,0.0
ReplacementWithinWarranty,0,0.0
SerialNumberMatch,0,0.0
SubmissionMinute,0,0.0
UiTheme,0,0.0
WarrantyDurationMonths,0,0.0
