RecordID,ClaimID,IssueCount,IssueTags
REC00471,CLM01026,1,category_format:SerialEvidenceAvailable
REC00828,CLM01222,1,category_format:PreviousRepair
REC00688,CLM00391,0,
REC00044,CLM01107,3,category_format:ProductImageAvailable | missing:OCRConfidence | missing:WarrantyCardAvailable
REC-DUP-0038,CLM00163,1,near_duplicate_of:REC00149
REC00460,CLM00426,1,category_format:Brand
REC00525,CLM01260,3,invalid_date:ClaimDate | missing:RepairReportAvailable | missing:WarrantyCardAvailable
REC00614,CLM01319,0,
REC01432,CLM00172,0,
REC01403,CLM00317,1,category_format:DocumentDuplicateIndicator
REC00339,CLM00860,1,missing:OCRConfidence
REC01441,CLM01063,0,
REC01365,CLM00847,1,category_format:ContradictionIndicator
REC00971,CLM01113,0,
REC00136,CLM00614,1,missing:FaultEvidenceAvailable
REC00895,CLM00474,0,
REC01066,CLM00301,1,category_format:ContradictionIndicator
REC00988,CLM01388,1,missing:ReceiptAvailable
REC01029,CLM00873,0,
REC01482,CLM00517,1,missing:WarrantyCardAvailable
REC00438,CLM00797,0,
REC00786,CLM00840,0,
REC01351,CLM00571,1,category_format:ProductModelConsistent
REC00465,CLM00251,0,
REC01215,CLM00810,0,
REC01289,CLM00875,0,
REC00399,CLM00371,1,missing:ProductImageAvailable
REC00139,CLM00640,0,
REC00625,CLM00745,0,
REC01399,CLM01387,2,missing:ClaimAmount | missing:PreviousRepairCost
REC00571,CLM00177,0,
REC00067,CLM01352,0,
REC01156,CLM01249,1,invalid:PreviousRepairCost
REC01014,CLM00472,0,
REC00563,CLM00743,2,category_format:RepairAuthorized | missing:ProductImageAvailable
REC-DUP-0017,CLM00834,1,exact_duplicate_of:REC00864
REC00803,CLM00164,3,category_format:ProductImageAvailable | missing:ProductImageAvailable | missing:SerialEvidenceAvailable
REC00074,CLM00456,1,missing:RepairReportAvailable
REC00420,CLM00183,0,
REC00206,CLM00200,1,missing:PreviousRepairCost
REC00306,CLM00227,2,category_format:RepairReportAvailable | missing:ClaimAmount
REC01458,CLM00090,1,missing:WarrantyCardAvailable
REC00638,CLM01316,2,invalid:RepairCount | missing:SerialNumber
REC00757,CLM00431,2,category_format:RepairAuthorized | missing:ReceiptAvailable
REC01205,CLM00748,0,
REC00057,CLM00038,0,
REC00013,CLM01228,1,missing:RepairReportAvailable
REC01146,CLM00693,1,missing:SerialEvidenceAvailable
REC01063,CLM00558,0,
REC00816,CLM01467,0,
REC01185,CLM00299,2,invalid_date:ClaimDate | missing:RepairReportAvailable
REC00666,CLM01129,1,missing:ProductImageAvailable
REC00318,CLM00728,0,
REC01008,CLM00372,0,
REC00021,CLM00028,1,missing:SerialEvidenceAvailable
REC00287,CLM00932,1,missing:SerialEvidenceAvailable
REC00747,CLM01401,2,missing:FaultEvidenceAvailable | missing:PreviousRepairCost
REC00603,CLM01128,0,
REC01493,CLM00197,1,missing:WarrantyCardAvailable
REC01165,CLM00929,1,missing:PreviousRepairCost
REC01098,CLM00681,0,
REC00216,CLM00265,0,
REC01137,CLM01086,0,
REC00942,CLM00854,1,missing:FaultEvidenceAvailable
REC00093,CLM00620,1,missing:RepairReportAvailable
REC01264,CLM00286,1,missing:PreviousRepairCost
REC01373,CLM01145,0,
REC01394,CLM01333,1,missing:ModelNumber
REC01054,CLM00088,2,missing:ModelNumber | missing:SerialEvidenceAvailable
REC01393,CLM00859,0,
REC01449,CLM00366,2,category_format:RepairAuthorized | missing:ProductImageAvailable
REC00552,CLM01371,0,
REC01360,CLM01279,1,missing:WarrantyCardAvailable
REC01058,CLM01350,1,missing:ClaimAmount
REC01283,CLM00194,0,
REC-DUP-0004,CLM01154,1,exact_duplicate_of:REC00982
REC00162,CLM00419,0,
REC00702,CLM00069,0,
REC00810,CLM00545,1,category_format:ProductCategory
REC01031,CLM01330,2,missing:PreviousRepairCost | missing:ReceiptAvailable
REC01087,CLM00155,1,missing:SerialEvidenceAvailable
REC01071,CLM01142,1,missing:SerialEvidenceAvailable
REC01155,CLM01247,0,
REC00772,CLM00042,1,category_format:ContradictionIndicator
REC00084,CLM01309,2,category_format:ProductCategory | missing:RepairReportAvailable
REC00267,CLM00801,1,missing:ReceiptAvailable
REC00526,CLM01494,1,missing:ReceiptAvailable
REC00001,CLM00936,0,
REC00984,CLM00642,0,
REC00884,CLM01317,0,
REC00536,CLM00566,0,
REC01243,CLM00749,1,category_format:RepairAuthorized
REC01079,CLM00332,2,category_format:ReplacementWithinWarranty | missing:ModelNumber
REC01374,CLM00633,1,missing:ProductImageAvailable
REC00935,CLM01308,0,
REC01453,CLM00084,0,
REC00263,CLM01053,1,category_format:ReplacementWithinWarranty
REC01201,CLM00888,1,missing:FaultEvidenceAvailable
REC00677,CLM00384,2,invalid_date:ClaimDate | missing:OCRConfidence
REC01117,CLM00244,2,missing:ReceiptAvailable | missing:SerialNumber
REC00861,CLM00182,0,
REC00777,CLM00098,0,
REC00324,CLM00972,3,category_format:ClaimSubmissionChannel | missing:ModelNumber | missing:RepairReportAvailable
REC00574,CLM00869,1,missing:SerialEvidenceAvailable
REC01472,CLM01157,1,logical_date:FaultBeforePurchase
REC00049,CLM00460,4,invalid_date:PurchaseDate | missing:ClaimAmount | missing:ModelNumber | missing:OCRConfidence
REC00551,CLM00402,1,missing:ReceiptAvailable
REC00977,CLM00260,0,
REC01230,CLM01374,1,missing:SerialEvidenceAvailable
REC00856,CLM00482,2,missing:Brand | missing:WarrantyCardAvailable
REC00111,CLM00796,0,
REC01405,CLM01398,1,invalid_date:PurchaseDate
REC00482,CLM00717,0,
REC00961,CLM00367,0,
REC00868,CLM01285,1,category_format:RepairReportAvailable
REC00598,CLM00874,1,category_format:ClaimSubmissionChannel
REC01086,CLM00369,0,
REC01313,CLM01091,0,
REC01211,CLM00559,1,missing:OCRConfidence
REC00383,CLM00404,2,category_format:DuplicateClaimIndicator | missing:RepairReportAvailable
REC01107,CLM00586,1,category_format:ContradictionIndicator
REC00888,CLM00380,2,missing:ClaimAmount | missing:ModelNumber
REC01391,CLM00612,0,
REC01150,CLM01021,0,
REC00483,CLM01218,2,category_format:DuplicateClaimIndicator | missing:RepairReportAvailable
REC00995,CLM00491,1,missing:SerialEvidenceAvailable
REC01383,CLM00358,3,category_format:SerialEvidenceAvailable | missing:FaultEvidenceAvailable | missing:SerialEvidenceAvailable
REC00179,CLM00291,1,category_format:RepairReportAvailable
REC00624,CLM00330,1,category_format:ReceiptAvailable
REC00833,CLM00605,2,category_format:SerialEvidenceAvailable | missing:OCRConfidence
REC00715,CLM00012,2,category_format:ContradictionIndicator | missing:ProductImageAvailable
REC00417,CLM00011,0,
REC01123,CLM01338,1,missing:PreviousRepairCost
REC00036,CLM01464,0,
REC01193,CLM01310,0,
REC00573,CLM00547,0,
REC01474,CLM00335,0,
REC00824,CLM00917,3,category_format:ClaimSubmissionChannel | missing:FaultEvidenceAvailable | missing:WarrantyCardAvailable
REC00876,CLM01150,0,
REC00135,CLM00974,1,missing:WarrantyCardAvailable
REC-DUP-0028,CLM00451,1,exact_duplicate_of:REC00365
REC00507,CLM00077,0,
REC00951,CLM00510,0,
REC00752,CLM00219,0,
REC01261,CLM01312,0,
REC00024,CLM01280,0,
REC00539,CLM00259,0,
REC-DUP-0035,CLM00468,1,near_duplicate_of:REC00256
REC00764,CLM01456,0,
REC01385,CLM00647,1,missing:ReceiptAvailable
REC01479,CLM01002,1,missing:FaultEvidenceAvailable
REC00010,CLM00158,0,
REC00327,CLM01497,0,
REC01282,CLM00239,0,
REC00894,CLM00458,0,
REC00905,CLM00262,1,category_format:WarrantyCardAvailable
REC00173,CLM00893,2,missing:ReceiptAvailable | missing:RepairReportAvailable
REC01179,CLM00900,0,
REC00005,CLM00802,1,missing:WarrantyCardAvailable
REC00396,CLM00851,1,missing:PreviousRepairCost
REC00328,CLM00112,1,invalid_date:FaultDate
REC00864,CLM00834,0,
REC00601,CLM00502,1,missing:SerialEvidenceAvailable
REC01007,CLM01170,0,
REC01295,CLM00485,1,missing:FaultEvidenceAvailable
REC00160,CLM01151,1,category_format:RepairAuthorized
REC00028,CLM00832,0,
REC00636,CLM00710,1,missing:RepairReportAvailable
REC00271,CLM00886,0,
REC01475,CLM00068,1,category_format:ContradictionIndicator
REC01144,CLM00705,2,category_format:ContradictionIndicator | category_format:ReceiptAvailable
REC01331,CLM00889,0,
REC00538,CLM00652,0,
REC-DUP-0045,CLM00387,1,near_duplicate_of:REC00678
REC00653,CLM01359,0,
REC00619,CLM00165,0,
REC00955,CLM00190,2,category_format:ExtendedWarranty | missing:RepairReportAvailable
REC01406,CLM01303,0,
REC01304,CLM00389,0,
REC01296,CLM00232,1,category_format:RepairReportAvailable
REC00022,CLM01262,1,missing:PreviousRepairCost
REC01433,CLM00583,1,missing:PreviousRepairCost
REC00732,CLM00982,0,
REC01065,CLM00970,0,
REC00717,CLM01381,1,missing:ClaimAmount
REC-DUP-0039,CLM00383,1,near_duplicate_of:REC01072
REC01190,CLM00953,0,
REC00617,CLM00341,0,
REC00516,CLM00457,0,
REC00110,CLM00464,1,category_format:ReceiptAvailable
REC00097,CLM00942,1,category_format:RepairReportAvailable
REC01367,CLM00463,0,
REC00264,CLM01452,2,missing:SerialEvidenceAvailable | missing:WarrantyCardAvailable
REC00430,CLM00401,0,
REC00918,CLM01025,3,category_format:ClaimSubmissionChannel | category_format:DocumentDuplicateIndicator | missing:PreviousRepairCost
REC00956,CLM01166,2,category_format:PreviousRepair | missing:ReceiptAvailable
REC01318,CLM01209,0,
REC00637,CLM01377,0,
REC01036,CLM00950,1,category_format:SerialNumberMatch
REC00970,CLM00694,0,
REC00321,CLM00777,1,missing:Brand
REC-DUP-0029,CLM00863,1,exact_duplicate_of:REC01135
REC00817,CLM00624,1,missing:SerialEvidenceAvailable
REC01043,CLM01266,0,
REC-DUP-0034,CLM01358,1,near_duplicate_of:REC01018
REC00540,CLM01488,0,
REC00631,CLM01465,3,category_format:SerialEvidenceAvailable | missing:ProductImageAvailable | missing:SerialNumber
REC00495,CLM00087,0,
REC01040,CLM01341,1,missing:ProductImageAvailable
REC00911,CLM00568,1,category_format:SerialNumberMatch
REC00124,CLM01473,1,missing:PreviousRepairCost
REC00513,CLM00718,0,
REC00063,CLM00201,3,category_format:RepairAuthorized | missing:FaultEvidenceAvailable | missing:WarrantyCardAvailable
REC01451,CLM00235,1,missing:OCRConfidence
REC01330,CLM00607,2,missing:FaultEvidenceAvailable | missing:RepairReportAvailable
REC01450,CLM00189,1,category_format:SerialEvidenceAvailable
REC01010,CLM00570,3,category_format:ReceiptAvailable | missing:ReceiptAvailable | missing:WarrantyCardAvailable
REC01242,CLM01049,0,
REC00187,CLM00421,1,invalid:RepairCount
REC00485,CLM01094,2,category_format:ReplacementWithinWarranty | missing:PreviousRepairCost
REC00808,CLM01376,2,category_format:RepairReportAvailable | missing:OCRConfidence
REC00497,CLM00275,0,
REC00604,CLM00876,0,
REC00177,CLM00420,0,
REC00032,CLM01180,1,missing:WarrantyCardAvailable
REC00336,CLM00914,2,category_format:ReplacementWithinWarranty | missing:RepairReportAvailable
REC00932,CLM00716,0,
REC00087,CLM00526,0,
REC00644,CLM01417,1,missing:OCRConfidence
REC01305,CLM00952,0,
REC00472,CLM00843,1,missing:FaultEvidenceAvailable
REC00312,CLM00314,1,missing:ReceiptAvailable
REC00902,CLM00156,2,category_format:FaultEvidenceAvailable | missing:ProductImageAvailable
REC00823,CLM01320,1,category_format:Brand
REC00098,CLM01355,1,missing:FaultEvidenceAvailable
REC00241,CLM00872,0,
REC01006,CLM00882,1,missing:FaultEvidenceAvailable
REC00369,CLM00449,1,missing:SerialEvidenceAvailable
REC00426,CLM00240,2,missing:FaultEvidenceAvailable | missing:WarrantyCardAvailable
REC00535,CLM01087,1,missing:PreviousRepairCost
REC00882,CLM00471,0,
REC00441,CLM00762,0,
REC00403,CLM00726,0,
REC01128,CLM00216,0,
REC01096,CLM00033,1,missing:ModelNumber
REC01404,CLM01189,1,category_format:PreviousRepair
REC00132,CLM00814,1,missing:OCRConfidence
REC01386,CLM00412,2,missing:ModelNumber | missing:RepairReportAvailable
REC01082,CLM00325,0,
REC00310,CLM01149,2,category_format:ProductImageAvailable | missing:FaultEvidenceAvailable
REC00493,CLM00445,0,
REC00292,CLM00818,2,category_format:WarrantyCardAvailable | missing:RepairReportAvailable
REC00753,CLM00522,1,invalid_date:ClaimDate
REC00903,CLM00487,2,category_format:ClaimSubmissionChannel | missing:RepairReportAvailable
REC01160,CLM01284,0,
REC00548,CLM01219,1,missing:ReceiptAvailable
REC00422,CLM00806,0,
REC00737,CLM01496,1,missing:RepairReportAvailable
REC00181,CLM01031,3,category_format:FaultEvidenceAvailable | category_format:SerialNumberMatch | missing:PreviousRepairCost
REC00159,CLM00225,1,missing:OCRConfidence
REC00821,CLM00758,0,
REC01202,CLM00498,0,
REC00054,CLM01491,0,
REC00103,CLM00565,1,category_format:PreviousRepair
REC00908,CLM00841,1,invalid_date:ClaimDate
REC00947,CLM01278,0,
REC00018,CLM00247,0,
REC00042,CLM01115,0,
REC00871,CLM01301,0,
REC00481,CLM01215,0,
REC01121,CLM01181,0,
REC00605,CLM01041,1,category_format:WarrantyCardAvailable
REC00562,CLM01380,2,missing:OCRConfidence | missing:PreviousRepairCost
REC00356,CLM00116,1,missing:FaultEvidenceAvailable
REC00219,CLM00563,1,invalid_date:FaultDate
REC01050,CLM01476,0,
REC01382,CLM00998,1,missing:ReceiptAvailable
REC00675,CLM00495,0,
REC01287,CLM00085,1,missing:ClaimAmount
REC00887,CLM01147,3,category_format:ExtendedWarranty | category_format:FaultEvidenceAvailable | missing:SerialEvidenceAvailable
REC00052,CLM00385,0,
REC00953,CLM00047,2,missing:PreviousRepairCost | missing:RepairReportAvailable
REC00532,CLM00941,2,missing:PreviousRepairCost | missing:WarrantyCardAvailable
REC00608,CLM00490,0,
REC00788,CLM00427,0,
REC00156,CLM00903,0,
REC00734,CLM01411,1,missing:ModelNumber
REC01364,CLM00132,0,
REC01143,CLM01482,1,missing:WarrantyCardAvailable
REC01301,CLM01234,1,missing:SerialEvidenceAvailable
REC01322,CLM01001,1,category_format:ReceiptAvailable
REC01478,CLM00723,1,missing:WarrantyCardAvailable
REC00916,CLM00988,2,missing:PreviousRepairCost | missing:SerialEvidenceAvailable
REC00713,CLM00560,1,missing:FaultEvidenceAvailable
REC01116,CLM00963,1,missing:SerialEvidenceAvailable
REC00907,CLM01015,2,missing:ProductImageAvailable | missing:RepairReportAvailable
REC00079,CLM00581,0,
REC00348,CLM01252,1,missing:ReceiptAvailable
REC00294,CLM00099,1,missing:PreviousRepairCost
REC01119,CLM00137,0,
REC00037,CLM01233,0,
REC01281,CLM00392,1,missing:WarrantyCardAvailable
REC00499,CLM01254,1,missing:WarrantyCardAvailable
REC01167,CLM01378,0,
REC00059,CLM00587,1,missing:SerialEvidenceAvailable
REC00811,CLM00055,0,
REC00652,CLM00765,1,missing:RepairReportAvailable
REC00661,CLM01445,0,
REC00993,CLM00340,2,missing:ReceiptAvailable | missing:WarrantyCardAvailable
REC-DUP-0020,CLM00654,1,exact_duplicate_of:REC01455
REC00543,CLM00751,1,category_format:SerialEvidenceAvailable
REC00678,CLM00387,1,invalid_date:ClaimDate
REC00385,CLM01291,0,
REC00284,CLM00489,1,missing:SerialEvidenceAvailable
REC01461,CLM00549,2,category_format:WarrantyCardAvailable | missing:RepairReportAvailable
REC00015,CLM00668,0,
REC00006,CLM00423,2,missing:OCRConfidence | missing:ProductImageAvailable
REC01135,CLM00863,1,missing:PreviousRepairCost
REC00198,CLM00390,1,missing:WarrantyCardAvailable
REC00589,CLM00334,0,
REC00776,CLM01357,1,missing:WarrantyCardAvailable
REC00865,CLM01394,1,invalid_date:ClaimDate
REC01425,CLM00692,0,
REC00003,CLM00787,0,
REC01459,CLM01344,1,missing:OCRConfidence
REC00867,CLM01075,0,
REC00830,CLM00024,3,category_format:ReplacementWithinWarranty | missing:PreviousRepairCost | missing:ProductImageAvailable
REC00840,CLM01068,0,
REC01495,CLM00737,1,invalid:RepairCount
REC00925,CLM00994,1,missing:PreviousRepairCost
REC00960,CLM01232,0,
REC01187,CLM00592,1,missing:SerialEvidenceAvailable
REC00083,CLM00093,2,category_format:RepairAuthorized | missing:ReceiptAvailable
REC00663,CLM00574,2,category_format:FaultEvidenceAvailable | missing:RepairReportAvailable
REC00565,CLM00022,0,
REC00341,CLM00298,0,
REC00221,CLM00119,1,missing:RepairReportAvailable
REC00175,CLM00651,0,
REC00365,CLM00451,1,missing:OCRConfidence
REC01311,CLM00146,1,missing:RepairReportAvailable
REC00557,CLM00794,1,missing:ProductImageAvailable
REC01219,CLM00944,1,missing:ReceiptAvailable
REC00514,CLM00597,0,
REC01336,CLM01478,0,
REC01266,CLM00791,0,
REC01411,CLM00379,1,missing:ClaimAmount
REC01095,CLM00488,1,missing:ReceiptAvailable
REC01175,CLM01043,0,
REC01494,CLM00646,1,category_format:ExtendedWarranty
REC01292,CLM00089,1,missing:PreviousRepairCost
REC01357,CLM00544,0,
REC01233,CLM01289,1,missing:RepairReportAvailable
REC00316,CLM01373,0,
REC01269,CLM00855,1,missing:ClaimAmount
REC00746,CLM01379,1,missing:WarrantyCardAvailable
REC00123,CLM00157,1,missing:PreviousRepairCost
REC00829,CLM00154,0,
REC00317,CLM01088,0,
REC01080,CLM00714,0,
REC01198,CLM01229,1,missing:ProductImageAvailable
REC00009,CLM00046,2,invalid_date:ClaimDate | missing:PreviousRepairCost
REC00468,CLM00002,0,
REC00115,CLM00353,1,category_format:SerialEvidenceAvailable
REC00519,CLM00111,0,
REC00998,CLM00277,0,
REC00143,CLM01384,0,
REC00166,CLM01343,0,
REC00380,CLM00062,2,category_format:ContradictionIndicator | missing:RepairReportAvailable
REC01476,CLM01500,1,missing:SerialNumber
REC00085,CLM00639,0,
REC00964,CLM00649,0,
REC00337,CLM01369,1,category_format:DocumentDuplicateIndicator
REC00360,CLM00861,2,category_format:SerialEvidenceAvailable | missing:ReceiptAvailable
REC00309,CLM00896,1,missing:SerialEvidenceAvailable
REC01189,CLM01037,1,missing:FaultEvidenceAvailable
REC00269,CLM00238,1,missing:SerialEvidenceAvailable
REC00432,CLM00443,0,
REC00393,CLM01475,2,missing:OCRConfidence | missing:ReceiptAvailable
REC00279,CLM00105,1,missing:RepairReportAvailable
REC00698,CLM00394,2,missing:Brand | missing:FaultEvidenceAvailable
REC00300,CLM00967,1,missing:SerialEvidenceAvailable
REC00792,CLM00662,0,
REC01076,CLM00938,1,category_format:SerialEvidenceAvailable
REC00461,CLM01360,1,missing:PreviousRepairCost
REC01497,CLM01194,1,missing:FaultEvidenceAvailable
REC01015,CLM01028,1,missing:WarrantyCardAvailable
REC00952,CLM00020,0,
REC01239,CLM00159,0,
REC00109,CLM00619,1,missing:ProductImageAvailable
REC01263,CLM01122,1,missing:FaultEvidenceAvailable
REC00490,CLM00016,0,
REC-DUP-0011,CLM00722,1,exact_duplicate_of:REC00512
REC00217,CLM01313,0,
REC00727,CLM00601,1,category_format:ReplacementWithinWarranty
REC01192,CLM00184,1,missing:ClaimAmount
REC01464,CLM00150,0,
REC00265,CLM00890,1,missing:OCRConfidence
REC01471,CLM01492,1,missing:FaultEvidenceAvailable
REC00709,CLM00626,1,missing:RepairReportAvailable
REC00140,CLM00307,2,category_format:ReceiptAvailable | missing:PreviousRepairCost
REC00445,CLM01323,0,
REC00924,CLM01408,1,missing:FaultEvidenceAvailable
REC01228,CLM00579,0,
REC01061,CLM00444,1,invalid:OCRConfidence
REC00547,CLM00591,1,missing:PreviousRepairCost
REC00972,CLM01073,1,missing:FaultEvidenceAvailable
REC00299,CLM00329,1,missing:SerialEvidenceAvailable
REC00841,CLM00853,0,
REC00326,CLM01270,1,missing:RepairReportAvailable
REC00802,CLM00078,1,category_format:RepairAuthorized
REC00820,CLM00100,1,missing:ClaimAmount
REC00416,CLM01282,1,missing:ProductImageAvailable
REC01184,CLM01188,1,missing:RepairReportAvailable
REC00546,CLM01345,1,missing:WarrantyCardAvailable
REC00467,CLM01033,1,missing:PreviousRepairCost
REC00948,CLM00148,1,category_format:ClaimSubmissionChannel
REC01362,CLM01272,0,
REC00323,CLM01155,2,category_format:ReplacementWithinWarranty | category_format:SerialEvidenceAvailable
REC00931,CLM00713,0,
REC01460,CLM00252,1,missing:WarrantyCardAvailable
REC01048,CLM01098,0,
REC01437,CLM01244,1,category_format:DocumentDuplicateIndicator
REC00447,CLM00133,1,category_format:ReplacementWithinWarranty
REC00439,CLM01361,0,
REC01402,CLM00707,0,
REC01204,CLM01466,0,
REC00026,CLM00319,1,category_format:ContradictionIndicator
REC-DUP-0010,CLM00083,1,exact_duplicate_of:REC01470
REC00469,CLM00868,0,
REC00707,CLM01165,0,
REC01152,CLM01226,1,missing:RepairReportAvailable
REC00291,CLM00689,1,missing:FaultEvidenceAvailable
REC00146,CLM01457,0,
REC00257,CLM01327,1,missing:ReceiptAvailable
REC00921,CLM01430,0,
REC00586,CLM01040,2,invalid:WarrantyDurationMonths | missing:PreviousRepairCost
REC01412,CLM00784,0,
REC00492,CLM01009,0,
REC00055,CLM00905,0,
REC00408,CLM00181,4,category_format:PreviousRepair | missing:PreviousRepairCost | missing:RepairReportAvailable | missing:WarrantyCardAvailable
REC01285,CLM01185,0,
REC00664,CLM00753,2,missing:PreviousRepairCost | missing:RepairReportAvailable
REC00915,CLM00741,1,missing:ProductImageAvailable
REC00615,CLM01011,1,missing:WarrantyCardAvailable
REC00697,CLM00682,0,
REC00331,CLM00013,1,missing:FaultEvidenceAvailable
REC00413,CLM00735,0,
REC00373,CLM00870,1,invalid:ClaimAmount
REC01074,CLM00981,1,missing:RepairReportAvailable
REC00693,CLM00399,0,
REC01303,CLM01127,0,
REC00255,CLM01415,0,
REC00963,CLM00461,0,
REC00078,CLM00142,0,
REC00534,CLM01337,1,missing:FaultEvidenceAvailable
REC00801,CLM00729,1,missing:ProductImageAvailable
REC01148,CLM01099,1,missing:FaultEvidenceAvailable
REC00229,CLM00284,0,
REC00949,CLM00441,0,
REC01218,CLM00220,2,missing:OCRConfidence | missing:WarrantyCardAvailable
REC01227,CLM00134,0,
REC00541,CLM00836,2,invalid_date:PurchaseDate | missing:ReceiptAvailable
REC00967,CLM01440,0,
REC00105,CLM01171,0,
REC00240,CLM00883,0,
REC00599,CLM00345,1,invalid_date:PurchaseDate
REC01009,CLM01106,1,category_format:ContradictionIndicator
REC00409,CLM00015,1,missing:WarrantyCardAvailable
REC00431,CLM00628,1,category_format:ReceiptAvailable
REC00528,CLM00618,1,missing:PreviousRepairCost
REC01355,CLM00575,0,
REC00154,CLM01412,1,missing:PreviousRepairCost
REC00277,CLM01269,1,missing:ClaimAmount
REC01045,CLM00166,0,
REC01446,CLM01276,1,missing:RepairReportAvailable
REC01257,CLM00698,1,missing:SerialEvidenceAvailable
REC00564,CLM00535,0,
REC01306,CLM00699,0,
REC00412,CLM00920,0,
REC01245,CLM00966,1,missing:ProductImageAvailable
REC00435,CLM00641,1,category_format:DuplicateClaimIndicator
REC00106,CLM00417,1,missing:WarrantyCardAvailable
REC00089,CLM00354,1,category_format:ContradictionIndicator
REC00581,CLM01302,1,missing:ReceiptAvailable
REC00212,CLM00469,0,
REC00695,CLM00237,0,
REC00184,CLM01027,0,
REC00795,CLM01293,2,missing:OCRConfidence | missing:ReceiptAvailable
REC00522,CLM00338,0,
REC01430,CLM01164,0,
REC01248,CLM01112,1,category_format:ProductCategory
REC00278,CLM00858,0,
REC01496,CLM00269,1,missing:WarrantyCardAvailable
REC00137,CLM00965,0,
REC00096,CLM01227,0,
REC-DUP-0018,CLM01203,1,exact_duplicate_of:REC00765
REC01025,CLM00429,0,
REC00456,CLM01146,0,
REC00214,CLM00059,0,
REC00775,CLM00768,1,missing:RepairReportAvailable
REC00415,CLM01292,3,category_format:SerialEvidenceAvailable | missing:FaultEvidenceAvailable | missing:OCRConfidence
REC01487,CLM00231,0,
REC00191,CLM01315,0,
REC00120,CLM01474,1,missing:ReceiptAvailable
REC00114,CLM00715,2,missing:ReceiptAvailable | missing:SerialEvidenceAvailable
REC01051,CLM00750,1,missing:ClaimAmount
REC01334,CLM00349,0,
REC00635,CLM00562,0,
REC00061,CLM00997,2,category_format:DocumentDuplicateIndicator | missing:OCRConfidence
REC00208,CLM00696,0,
REC00779,CLM00305,0,
REC00275,CLM00328,0,
REC00682,CLM01095,1,missing:PreviousRepairCost
REC00404,CLM00331,0,
REC-DUP-0033,CLM01290,1,near_duplicate_of:REC00381
REC00930,CLM00811,0,
REC00736,CLM01273,0,
REC00448,CLM00486,0,
REC00885,CLM00094,1,category_format:DuplicateClaimIndicator
REC00288,CLM01182,0,
REC01319,CLM00207,3,category_format:ProductCategory | missing:RepairReportAvailable | missing:WarrantyCardAvailable
REC00376,CLM00507,1,missing:WarrantyCardAvailable
REC00622,CLM01195,1,missing:WarrantyCardAvailable
REC00394,CLM00138,1,category_format:ReplacementWithinWarranty
REC00719,CLM01294,0,
REC01341,CLM01335,1,missing:ClaimAmount
REC00825,CLM01109,1,missing:PreviousRepairCost
REC01376,CLM00700,5,category_format:ClaimSubmissionChannel | category_format:RepairReportAvailable | missing:PreviousRepairCost | missing:ReceiptAvailable | missing:WarrantyCardAvailable
REC00131,CLM00553,0,
REC01191,CLM01116,0,
REC00035,CLM01176,1,missing:WarrantyCardAvailable
REC00130,CLM00294,1,missing:PreviousRepairCost
REC00237,CLM00006,1,missing:RepairReportAvailable
REC00174,CLM00945,0,
REC00165,CLM00961,3,category_format:SerialEvidenceAvailable | category_format:SerialNumberMatch | invalid:PriorClaimCount
REC00387,CLM00761,1,category_format:PreviousRepair
REC00475,CLM00287,2,missing:ProductImageAvailable | missing:ReceiptAvailable
REC01091,CLM01431,2,category_format:SerialNumberMatch | missing:WarrantyCardAvailable
REC00991,CLM00742,1,missing:ReceiptAvailable
REC00855,CLM00108,1,missing:WarrantyCardAvailable
REC00826,CLM00339,0,
REC01056,CLM00632,0,
REC00606,CLM00167,1,missing:ReceiptAvailable
REC01210,CLM01223,1,missing:WarrantyCardAvailable
REC00927,CLM01449,0,
REC01153,CLM01340,0,
REC00686,CLM01321,1,missing:ReceiptAvailable
REC00893,CLM00185,0,
REC00494,CLM00122,1,missing:FaultEvidenceAvailable
REC01371,CLM00186,0,
REC01448,CLM00425,0,
REC01112,CLM00712,0,
REC00220,CLM00955,0,
REC00428,CLM00034,0,
REC01158,CLM00881,2,invalid:WarrantyDurationMonths | missing:SerialEvidenceAvailable
REC00039,CLM00229,1,category_format:ReceiptAvailable
REC00148,CLM01078,0,
REC01337,CLM01108,0,
REC00537,CLM00572,0,
REC00582,CLM00867,1,missing:WarrantyCardAvailable
REC00549,CLM00770,1,category_format:ProductCategory
REC01037,CLM00243,2,category_format:DocumentDuplicateIndicator | missing:PreviousRepairCost
REC00597,CLM00829,1,missing:PreviousRepairCost
REC01259,CLM01240,1,missing:FaultEvidenceAvailable
REC00595,CLM01059,0,
REC00126,CLM00892,2,missing:ReceiptAvailable | missing:WarrantyCardAvailable
REC00781,CLM01459,0,
REC01268,CLM01013,0,
REC00099,CLM00162,2,category_format:ClaimSubmissionChannel | missing:ReceiptAvailable
REC00962,CLM00935,1,missing:PreviousRepairCost
REC01140,CLM01032,0,
REC00333,CLM00180,1,missing:ReceiptAvailable
REC-DUP-0013,CLM00374,1,exact_duplicate_of:REC00262
REC00414,CLM01409,0,
REC01159,CLM00913,2,missing:ReceiptAvailable | missing:RepairReportAvailable
REC00530,CLM01375,1,missing:ProductImageAvailable
REC00584,CLM01174,1,missing:RepairReportAvailable
REC00474,CLM00407,1,missing:ModelNumber
REC01077,CLM00355,0,
REC01132,CLM00816,1,missing:FaultEvidenceAvailable
REC00030,CLM01469,1,missing:ClaimAmount
REC01468,CLM00009,0,
REC01207,CLM01423,1,missing:FaultEvidenceAvailable
REC00863,CLM01235,2,missing:ClaimAmount | missing:RepairReportAvailable
REC00645,CLM00113,0,
REC01247,CLM00360,0,
REC01320,CLM01472,2,category_format:SerialEvidenceAvailable | missing:OCRConfidence
REC01059,CLM00704,0,
REC01321,CLM00438,0,
REC00914,CLM00036,0,
REC00092,CLM00907,1,missing:PreviousRepairCost
REC00739,CLM00475,0,
REC00364,CLM01022,1,missing:OCRConfidence
REC00151,CLM00653,0,
REC00406,CLM00411,2,missing:PreviousRepairCost | missing:RepairReportAvailable
REC-DUP-0031,CLM01409,1,near_duplicate_of:REC00414
REC01039,CLM00977,0,
REC00839,CLM01306,0,
REC00242,CLM00767,0,
REC01057,CLM00506,0,
REC00814,CLM00923,0,
REC01342,CLM00706,1,category_format:RepairReportAvailable
REC00980,CLM00344,0,
REC00372,CLM01386,0,
REC00226,CLM01245,0,
REC00813,CLM00676,0,
REC01401,CLM00862,0,
REC00388,CLM00496,0,
REC00350,CLM00792,1,missing:FaultEvidenceAvailable
REC00082,CLM00578,1,category_format:ProductModelConsistent
REC00799,CLM01089,1,missing:PreviousRepairCost
REC00149,CLM00163,1,missing:ProductImageAvailable
REC00770,CLM00537,0,
REC00922,CLM00779,0,
REC00378,CLM00837,0,
REC00508,CLM01243,0,
REC01055,CLM00852,2,invalid:PriorClaimCount | missing:PreviousRepairCost
REC00436,CLM00452,0,
REC00455,CLM01370,1,missing:ClaimAmount
REC01274,CLM00206,2,category_format:ProductImageAvailable | missing:PreviousRepairCost
REC00224,CLM00115,0,
REC00142,CLM00007,0,
REC00629,CLM00897,0,
REC01442,CLM00678,1,missing:PreviousRepairCost
REC00716,CLM00210,3,missing:Brand | missing:FaultEvidenceAvailable | missing:SerialEvidenceAvailable
REC01424,CLM00010,2,invalid:RepairCount | missing:Brand
REC01414,CLM01038,0,
REC01011,CLM00050,2,missing:FaultEvidenceAvailable | missing:SerialEvidenceAvailable
REC00809,CLM00827,0,
REC00102,CLM00557,0,
REC00236,CLM01356,1,category_format:SerialEvidenceAvailable
REC00502,CLM00623,1,missing:PreviousRepairCost
REC01047,CLM00292,0,
REC00862,CLM00039,3,category_format:PreviousReplacement | missing:SerialEvidenceAvailable | missing:WarrantyCardAvailable
REC00043,CLM00318,1,missing:WarrantyCardAvailable
REC01130,CLM00001,1,missing:ModelNumber
REC00134,CLM00455,0,
REC00690,CLM00004,1,missing:WarrantyCardAvailable
REC00553,CLM00895,0,
REC01062,CLM01436,2,category_format:ClaimSubmissionChannel | missing:ReceiptAvailable
REC00256,CLM00468,0,
REC00488,CLM00362,0,
REC00487,CLM00864,1,category_format:ExtendedWarranty
REC00296,CLM01397,1,missing:FaultEvidenceAvailable
REC00359,CLM00672,0,
REC00128,CLM00908,1,missing:RepairReportAvailable
REC00650,CLM00734,1,missing:ReceiptAvailable
REC00295,CLM00071,0,
REC00989,CLM00179,0,
REC01429,CLM01322,0,
REC00076,CLM00638,1,missing:ReceiptAvailable
REC00480,CLM00125,0,
REC01139,CLM00188,0,
REC00239,CLM00909,1,category_format:RepairAuthorized
REC-DUP-0002,CLM00046,1,exact_duplicate_of:REC00009
REC01114,CLM00264,0,
REC01378,CLM01332,0,
REC00355,CLM00446,0,
REC01260,CLM00616,0,
REC00722,CLM00999,0,
REC00912,CLM00849,1,missing:RepairReportAvailable
REC01164,CLM00079,1,missing:WarrantyCardAvailable
REC00654,CLM01435,2,category_format:ReplacementWithinWarranty | missing:FaultEvidenceAvailable
REC01436,CLM00019,0,
REC00491,CLM01047,0,
REC00390,CLM01007,0,
REC00346,CLM00757,1,missing:RepairReportAvailable
REC00340,CLM01281,0,
REC01325,CLM01461,1,category_format:ProductModelConsistent
REC00577,CLM00187,2,category_format:PreviousRepair | category_format:PreviousReplacement
REC00898,CLM00377,0,
REC01000,CLM01298,1,missing:PreviousRepairCost
REC00892,CLM00209,0,
REC00038,CLM00336,1,category_format:ProductCategory
REC01238,CLM00327,1,category_format:WarrantyCardAvailable
REC00145,CLM00103,1,logical_date:FaultBeforePurchase
REC01149,CLM01354,0,
REC00429,CLM00248,2,missing:ClaimAmount | missing:FaultEvidenceAvailable
REC00778,CLM01363,1,logical_date:FaultBeforePurchase
REC00201,CLM01499,0,
REC01419,CLM01413,0,
REC01276,CLM01008,1,missing:FaultEvidenceAvailable
REC00945,CLM00548,1,missing:WarrantyCardAvailable
REC00016,CLM01429,1,missing:PreviousRepairCost
REC00095,CLM01193,3,category_format:PreviousRepair | invalid_date:FaultDate | missing:PreviousRepairCost
REC00620,CLM00655,1,missing:WarrantyCardAvailable
REC00014,CLM00492,0,
REC00188,CLM00857,1,missing:PreviousRepairCost
REC00749,CLM01253,1,missing:RepairReportAvailable
REC00979,CLM00533,0,
REC00712,CLM00536,1,missing:ClaimAmount
REC00368,CLM01256,0,
REC01226,CLM00602,0,
REC01253,CLM00630,1,missing:PreviousRepairCost
REC01332,CLM00661,1,missing:FaultEvidenceAvailable
REC00253,CLM00902,0,
REC00975,CLM00114,1,missing:ClaimAmount
REC00832,CLM00484,0,
REC00857,CLM00346,0,
REC00760,CLM00656,1,missing:WarrantyCardAvailable
REC01180,CLM00106,3,category_format:ReplacementWithinWarranty | missing:ModelNumber | missing:WarrantyCardAvailable
REC00976,CLM01347,2,missing:FaultEvidenceAvailable | missing:RepairReportAvailable
REC00452,CLM00029,1,missing:RepairReportAvailable
REC00442,CLM00543,0,
REC01288,CLM00918,0,
REC01041,CLM01084,0,
REC01492,CLM00846,0,
REC01370,CLM00514,2,missing:SerialEvidenceAvailable | missing:WarrantyCardAvailable
REC00427,CLM00916,1,missing:PreviousRepairCost
REC00155,CLM00976,1,missing:RepairReportAvailable
REC01344,CLM00140,2,invalid:RepairCount | missing:OCRConfidence
REC00398,CLM00520,2,category_format:PreviousReplacement | missing:FaultEvidenceAvailable
REC00486,CLM00499,2,missing:ClaimAmount | missing:ModelNumber
REC00062,CLM01385,1,invalid:OCRConfidence
REC00990,CLM00727,0,
REC00273,CLM01141,0,
REC01186,CLM01339,0,
REC01134,CLM00844,2,missing:ModelNumber | missing:OCRConfidence
REC01126,CLM01004,2,category_format:PreviousReplacement | missing:ClaimAmount
REC00466,CLM00921,2,invalid:PriorClaimCount | missing:Brand
REC01073,CLM00295,2,category_format:ExtendedWarranty | missing:WarrantyCardAvailable
REC00520,CLM00703,1,missing:ClaimAmount
REC00343,CLM00513,0,
REC01023,CLM00608,0,
REC00498,CLM00979,0,
REC00048,CLM00773,1,missing:ProductImageAvailable
REC00440,CLM00934,0,
REC01102,CLM01217,0,
REC00969,CLM00634,0,
REC00651,CLM01277,0,
REC00515,CLM01420,0,
REC00630,CLM01024,1,category_format:WarrantyCardAvailable
REC00751,CLM00609,0,
REC00569,CLM00418,1,missing:ReceiptAvailable
REC01491,CLM00473,0,
REC01104,CLM00126,2,category_format:ProductModelConsistent | missing:PreviousRepairCost
REC00822,CLM00973,2,category_format:ProductImageAvailable | missing:ClaimAmount
REC00710,CLM00422,1,missing:ClaimAmount
REC01052,CLM01365,2,category_format:PreviousReplacement | missing:PreviousRepairCost
REC00008,CLM00524,1,missing:WarrantyCardAvailable
REC00223,CLM01225,0,
REC00027,CLM00798,1,missing:WarrantyCardAvailable
REC-DUP-0009,CLM01375,1,exact_duplicate_of:REC00530
REC00986,CLM01120,3,category_format:ReplacementWithinWarranty | logical_date:FaultBeforePurchase | missing:ReceiptAvailable
REC01046,CLM00764,0,
REC00917,CLM00351,1,missing:RepairReportAvailable
REC00258,CLM00521,0,
REC01252,CLM00021,0,
REC01435,CLM01175,4,category_format:RepairReportAvailable | missing:ClaimAmount | missing:FaultEvidenceAvailable | missing:RepairReportAvailable
REC00157,CLM00788,1,missing:ReceiptAvailable
REC01381,CLM00409,0,
REC00660,CLM00117,1,missing:PreviousRepairCost
REC01016,CLM01486,3,category_format:ReceiptAvailable | category_format:SerialNumberMatch | missing:RepairReportAvailable
REC01366,CLM00598,3,category_format:SerialNumberMatch | missing:OCRConfidence | missing:WarrantyCardAvailable
REC00270,CLM01186,0,
REC00744,CLM00439,0,
REC00641,CLM01441,0,
REC00462,CLM00447,1,missing:ProductImageAvailable
REC00999,CLM00830,1,category_format:WarrantyCardAvailable
REC01199,CLM00285,0,
REC01258,CLM01265,1,missing:PreviousRepairCost
REC00578,CLM01296,3,category_format:ReplacementWithinWarranty | missing:OCRConfidence | missing:RepairReportAvailable
REC00322,CLM00465,1,missing:Brand
REC00965,CLM01248,0,
REC00285,CLM00215,0,
REC01377,CLM00023,3,invalid:RepairCount | missing:PreviousRepairCost | missing:RepairReportAvailable
REC00550,CLM00542,1,missing:ProductImageAvailable
REC00072,CLM00904,0,
REC01346,CLM00621,0,
REC00852,CLM00636,2,invalid:OCRConfidence | missing:ClaimAmount
REC01262,CLM01056,0,
REC00244,CLM01498,1,category_format:ProductCategory
REC00293,CLM01057,2,missing:FaultEvidenceAvailable | missing:RepairReportAvailable
REC01456,CLM00781,0,
REC00806,CLM00648,1,missing:RepairReportAvailable
REC01434,CLM01287,0,
REC00195,CLM00051,1,missing:FaultEvidenceAvailable
REC01329,CLM01125,1,missing:RepairReportAvailable
REC01216,CLM01158,0,
REC01049,CLM00061,1,missing:FaultEvidenceAvailable
REC00676,CLM00971,3,missing:ClaimAmount | missing:RepairReportAvailable | missing:WarrantyCardAvailable
REC01012,CLM01460,2,missing:PreviousRepairCost | missing:ProductImageAvailable
REC01323,CLM00663,1,missing:SerialNumber
REC00019,CLM00631,1,missing:PreviousRepairCost
REC01100,CLM00279,1,missing:WarrantyCardAvailable
REC00090,CLM01366,3,category_format:PreviousRepair | missing:Brand | missing:SerialEvidenceAvailable
REC00392,CLM00747,3,category_format:PreviousReplacement | missing:OCRConfidence | missing:PreviousRepairCost
REC00361,CLM01082,0,
REC01348,CLM01017,0,
REC00794,CLM01414,0,
REC00611,CLM00596,2,category_format:DuplicateClaimIndicator | missing:PreviousRepairCost
REC00479,CLM00766,1,missing:ModelNumber
REC00782,CLM00280,2,missing:PreviousRepairCost | missing:ProductImageAvailable
REC01297,CLM01422,0,
REC01003,CLM00949,1,category_format:DocumentDuplicateIndicator
REC00850,CLM00198,1,missing:ProductImageAvailable
REC00297,CLM00397,0,
REC00476,CLM00356,0,
REC00168,CLM01264,1,missing:WarrantyCardAvailable
REC01490,CLM00686,0,
REC00725,CLM00101,0,
REC00594,CLM00333,0,
REC00901,CLM00679,0,
REC01163,CLM01072,0,
REC00305,CLM01085,0,
REC00503,CLM00606,1,missing:SerialNumber
REC00347,CLM01077,0,
REC00289,CLM00643,0,
REC00974,CLM00825,0,
REC00875,CLM00261,0,
REC01075,CLM01100,1,missing:PreviousRepairCost
REC00470,CLM00139,0,
REC01024,CLM00081,0,
REC01157,CLM01471,2,missing:FaultEvidenceAvailable | missing:RepairReportAvailable
REC00542,CLM00943,0,
REC01236,CLM00951,1,missing:WarrantyCardAvailable
REC00023,CLM00195,1,category_format:PreviousReplacement
REC01136,CLM00878,0,
REC00129,CLM01152,1,missing:FaultEvidenceAvailable
REC00609,CLM00223,0,
REC00881,CLM01216,0,
REC01466,CLM00208,0,
REC00612,CLM00440,1,category_format:ProductImageAvailable
REC00848,CLM01450,0,
REC00307,CLM01263,0,
REC01173,CLM00031,0,
REC00118,CLM01134,1,category_format:ReceiptAvailable
REC01387,CLM00497,1,missing:RepairReportAvailable
REC00797,CLM00053,0,
REC01396,CLM01392,1,missing:ProductImageAvailable
REC01473,CLM00931,1,missing:PreviousRepairCost
REC01469,CLM00281,2,category_format:ProductCategory | missing:PreviousRepairCost
REC00171,CLM00266,0,
REC00545,CLM00752,1,category_format:ProductCategory
REC01455,CLM00654,0,
REC01101,CLM00819,0,
REC01410,CLM00769,2,missing:PreviousRepairCost | missing:ReceiptAvailable
REC00647,CLM00518,0,
REC01111,CLM00993,1,missing:PreviousRepairCost
REC-DUP-0001,CLM01251,1,exact_duplicate_of:REC00933
REC00838,CLM00192,0,
REC00634,CLM01061,1,invalid:RepairCount
REC00011,CLM00003,3,invalid:PriorClaimCount | missing:FaultEvidenceAvailable | missing:WarrantyCardAvailable
REC-DUP-0042,CLM01260,1,near_duplicate_of:REC00525
REC01197,CLM01159,1,missing:RepairReportAvailable
REC00209,CLM00541,0,
REC00835,CLM00585,2,category_format:ExtendedWarranty | missing:WarrantyCardAvailable
REC01182,CLM01118,0,
REC00558,CLM00937,1,missing:SerialEvidenceAvailable
REC00386,CLM01187,0,
REC00937,CLM00432,1,missing:OCRConfidence
REC00379,CLM01097,1,missing:FaultEvidenceAvailable
REC00939,CLM00316,0,
REC00662,CLM00450,0,
REC01315,CLM00141,0,
REC01105,CLM00110,0,
REC01106,CLM00414,0,
REC01203,CLM00433,1,missing:FaultEvidenceAvailable
REC00748,CLM01045,0,
REC01250,CLM00288,0,
REC00308,CLM00160,0,
REC00701,CLM00400,0,
REC00941,CLM01400,2,category_format:PreviousReplacement | missing:SerialEvidenceAvailable
REC00158,CLM01490,1,invalid_date:ClaimDate
REC01350,CLM00065,0,
REC00290,CLM00984,1,missing:FaultEvidenceAvailable
REC01358,CLM00199,0,
REC01438,CLM00891,1,missing:RepairReportAvailable
REC00314,CLM01438,1,missing:ReceiptAvailable
REC01110,CLM01010,0,
REC01278,CLM00786,3,invalid:WarrantyDurationMonths | logical_date:FaultBeforePurchase | missing:RepairReportAvailable
REC00859,CLM00323,0,
REC00889,CLM00037,1,category_format:WarrantyCardAvailable
REC01127,CLM00812,0,
REC00587,CLM00136,0,
REC00590,CLM00054,1,missing:SerialEvidenceAvailable
REC01177,CLM00887,0,
REC01178,CLM00236,1,missing:WarrantyCardAvailable
REC00992,CLM00017,1,missing:FaultEvidenceAvailable
REC00407,CLM00168,1,missing:SerialEvidenceAvailable
REC00395,CLM00822,1,missing:PreviousRepairCost
REC01027,CLM00388,2,missing:ClaimAmount | missing:FaultEvidenceAvailable
REC00282,CLM01200,1,category_format:ProductImageAvailable
REC01168,CLM01121,1,category_format:ProductImageAvailable
REC00262,CLM00374,0,
REC00272,CLM00052,0,
REC00524,CLM00222,0,
REC01125,CLM01331,0,
REC00484,CLM01428,0,
REC00919,CLM00805,1,missing:FaultEvidenceAvailable
REC00750,CLM01349,1,missing:PreviousRepairCost
REC00923,CLM01035,2,category_format:WarrantyCardAvailable | missing:RepairReportAvailable
REC01070,CLM00800,1,missing:WarrantyCardAvailable
REC00958,CLM00989,2,category_format:ReplacementWithinWarranty | missing:RepairReportAvailable
REC01224,CLM01083,1,missing:FaultEvidenceAvailable
REC00459,CLM00070,2,missing:ClaimAmount | missing:FaultEvidenceAvailable
REC01251,CLM00683,1,category_format:ProductImageAvailable
REC01327,CLM00856,0,
REC00743,CLM00127,1,missing:SerialEvidenceAvailable
REC01033,CLM00527,1,missing:ProductImageAvailable
REC00883,CLM00525,2,category_format:WarrantyCardAvailable | missing:SerialEvidenceAvailable
REC01308,CLM00381,0,
REC00793,CLM00324,4,category_format:ClaimSubmissionChannel | invalid:ClaimAmount | missing:ClaimAmount | missing:SerialEvidenceAvailable
REC00230,CLM01391,1,category_format:ClaimSubmissionChannel
REC01417,CLM00246,0,
REC00771,CLM00992,1,missing:FaultEvidenceAvailable
REC00444,CLM01058,0,
REC00600,CLM00082,1,missing:WarrantyCardAvailable
REC00200,CLM01124,3,missing:PreviousRepairCost | missing:SerialEvidenceAvailable | missing:WarrantyCardAvailable
REC00966,CLM00780,0,
REC00796,CLM01404,1,missing:ClaimAmount
REC00133,CLM00224,0,
REC00943,CLM00202,2,missing:PreviousRepairCost | missing:SerialEvidenceAvailable
REC01213,CLM01271,1,category_format:PreviousReplacement
REC00304,CLM01258,2,category_format:SerialEvidenceAvailable | missing:FaultEvidenceAvailable
REC00334,CLM00625,2,category_format:ContradictionIndicator | missing:RepairReportAvailable
REC00121,CLM01421,1,missing:ReceiptAvailable
REC01032,CLM00674,2,missing:FaultEvidenceAvailable | missing:RepairReportAvailable
REC01067,CLM00258,2,invalid_date:FaultDate | missing:PreviousRepairCost
REC00523,CLM01190,1,category_format:ProductImageAvailable
REC01222,CLM00364,0,
REC01265,CLM00915,0,
REC00836,CLM00995,1,category_format:RepairAuthorized
REC00858,CLM00211,0,
REC00222,CLM00309,1,category_format:WarrantyCardAvailable
REC01172,CLM00271,0,
REC00218,CLM00270,0,
REC01131,CLM00171,2,category_format:ContradictionIndicator | missing:ProductImageAvailable
REC00477,CLM01489,1,missing:RepairReportAvailable
REC00761,CLM00086,1,missing:FaultEvidenceAvailable
REC01345,CLM00978,1,missing:RepairReportAvailable
REC00342,CLM00555,1,category_format:PreviousRepair
REC01415,CLM01230,0,
REC01389,CLM00250,2,missing:ProductImageAvailable | missing:RepairReportAvailable
REC00784,CLM00901,2,missing:ReceiptAvailable | missing:WarrantyCardAvailable
REC00878,CLM00644,1,invalid:OCRConfidence
REC00853,CLM00173,0,
REC00391,CLM00933,0,
REC00397,CLM00118,3,invalid_date:FaultDate | missing:ClaimAmount | missing:ProductImageAvailable
REC00088,CLM00092,1,missing:PreviousRepairCost
REC00694,CLM00217,2,category_format:ReplacementWithinWarranty | missing:PreviousRepairCost
REC01162,CLM00595,2,missing:ReceiptAvailable | missing:SerialEvidenceAvailable
REC00729,CLM00218,1,missing:RepairReportAvailable
REC01026,CLM01410,2,missing:ClaimAmount | missing:SerialEvidenceAvailable
REC01465,CLM00603,0,
REC00046,CLM00530,0,
REC00933,CLM01251,1,missing:FaultEvidenceAvailable
REC00250,CLM01034,1,category_format:PreviousRepair
REC00433,CLM01299,1,category_format:ProductImageAvailable
REC00040,CLM01257,3,category_format:ReceiptAvailable | category_format:SerialEvidenceAvailable | missing:FaultEvidenceAvailable
REC00512,CLM00722,0,
REC00756,CLM00850,0,
REC01103,CLM00588,0,
REC01078,CLM00567,0,
REC00572,CLM00322,3,invalid:WarrantyDurationMonths | missing:RepairReportAvailable | missing:WarrantyCardAvailable
REC00125,CLM01090,0,
REC00077,CLM00986,2,missing:ClaimAmount | missing:WarrantyCardAvailable
REC00345,CLM01136,1,invalid:PreviousRepairCost
REC01255,CLM00809,3,category_format:RepairAuthorized | missing:FaultEvidenceAvailable | missing:ModelNumber
REC01237,CLM01214,2,missing:PreviousRepairCost | missing:SerialEvidenceAvailable
REC00544,CLM01137,3,category_format:WarrantyCardAvailable | missing:OCRConfidence | missing:WarrantyCardAvailable
REC00588,CLM00573,1,category_format:PreviousRepair
REC01142,CLM00075,2,category_format:WarrantyCardAvailable | missing:FaultEvidenceAvailable
REC01312,CLM00072,1,missing:Brand
REC00633,CLM01131,1,missing:WarrantyCardAvailable
REC01343,CLM01236,0,
REC00649,CLM00342,0,
REC00720,CLM00823,2,missing:FaultEvidenceAvailable | missing:SerialEvidenceAvailable
REC01426,CLM00196,0,
REC00768,CLM01081,1,missing:ProductImageAvailable
REC00116,CLM00813,1,missing:FaultEvidenceAvailable
REC01284,CLM01250,0,
REC00987,CLM00466,1,missing:SerialEvidenceAvailable
REC01113,CLM01156,0,
REC01234,CLM00097,0,
REC00004,CLM01050,0,
REC00254,CLM00552,2,category_format:ReceiptAvailable | category_format:SerialNumberMatch
REC00819,CLM00551,0,
REC00616,CLM00470,1,category_format:DuplicateClaimIndicator
REC01200,CLM00842,0,
REC00877,CLM01444,0,
REC00628,CLM01126,1,missing:RepairReportAvailable
REC00329,CLM00582,2,category_format:ProductCategory | missing:RepairReportAvailable
REC00656,CLM01342,1,missing:FaultEvidenceAvailable
REC01408,CLM00865,0,
REC01002,CLM00658,0,
REC00767,CLM00308,0,
REC00529,CLM01006,1,missing:FaultEvidenceAvailable
REC01300,CLM00599,0,
REC00058,CLM00205,1,missing:RepairReportAvailable
REC-DUP-0030,CLM00966,1,exact_duplicate_of:REC01245
REC00873,CLM01133,1,missing:RepairReportAvailable
REC00533,CLM00462,2,missing:FaultEvidenceAvailable | missing:ReceiptAvailable
REC01369,CLM00760,1,missing:ReceiptAvailable
REC-DUP-0005,CLM00614,1,exact_duplicate_of:REC00136
REC01413,CLM00467,0,
REC00351,CLM01016,1,missing:PreviousRepairCost
REC00680,CLM00613,1,missing:RepairReportAvailable
REC01444,CLM00954,1,missing:ReceiptAvailable
REC-DUP-0008,CLM01187,1,exact_duplicate_of:REC00386
REC00113,CLM00290,0,
REC00860,CLM00755,1,missing:RepairReportAvailable
REC01397,CLM00622,2,missing:ReceiptAvailable | missing:WarrantyCardAvailable
REC01017,CLM01184,0,
REC00805,CLM00175,0,
REC00189,CLM01000,1,missing:SerialNumber
REC00418,CLM00554,0,
REC00075,CLM00018,3,missing:Brand | missing:FaultEvidenceAvailable | missing:SerialNumber
REC01072,CLM00383,0,
REC00167,CLM00744,1,missing:RepairReportAvailable
REC00066,CLM01485,0,
REC00425,CLM00500,1,missing:PreviousRepairCost
REC00800,CLM00611,1,missing:ReceiptAvailable
REC00849,CLM01074,0,
REC00248,CLM01204,3,category_format:ProductCategory | category_format:ProductImageAvailable | invalid:RepairCount
REC00560,CLM00066,0,
REC00531,CLM01220,2,invalid_date:FaultDate | missing:OCRConfidence
REC00489,CLM00695,0,
REC00104,CLM00657,0,
REC01097,CLM01300,1,missing:PreviousRepairCost
REC00041,CLM00395,2,category_format:ReceiptAvailable | missing:ReceiptAvailable
REC00940,CLM00919,0,
REC00913,CLM00821,0,
REC00511,CLM01036,1,missing:Brand
REC00303,CLM01111,0,
REC01439,CLM00659,1,missing:FaultEvidenceAvailable
REC00500,CLM01213,1,invalid_date:ClaimDate
REC00112,CLM00378,1,missing:Brand
REC01044,CLM00382,1,invalid:RepairCount
REC00869,CLM00736,1,missing:SerialEvidenceAvailable
REC-DUP-0003,CLM00167,1,exact_duplicate_of:REC00606
REC00344,CLM00221,1,missing:ReceiptAvailable
REC01183,CLM00969,1,missing:ReceiptAvailable
REC00643,CLM00121,4,category_format:PreviousReplacement | logical_date:FaultBeforePurchase | missing:ModelNumber | missing:SerialNumber
REC01421,CLM01205,0,
REC01271,CLM00169,1,missing:ProductImageAvailable
REC00872,CLM00300,0,
REC00890,CLM00415,2,logical_date:FaultBeforePurchase | missing:PreviousRepairCost
REC00583,CLM00948,0,
REC00225,CLM00032,1,category_format:ClaimSubmissionChannel
REC01359,CLM00670,2,category_format:Brand | category_format:RepairAuthorized
REC00047,CLM01062,0,
REC00349,CLM00789,0,
REC00068,CLM00990,0,
REC01053,CLM01103,1,invalid:PreviousRepairCost
REC01409,CLM01304,0,
REC00703,CLM01446,2,category_format:ProductCategory | missing:ProductImageAvailable
REC00906,CLM00564,0,
REC00245,CLM01328,0,
REC01194,CLM00985,1,category_format:ContradictionIndicator
REC01013,CLM01012,0,
REC00724,CLM00044,2,category_format:DocumentDuplicateIndicator | category_format:ExtendedWarranty
REC00783,CLM01326,2,missing:PreviousRepairCost | missing:ReceiptAvailable
REC00527,CLM00272,0,
REC01407,CLM00946,1,missing:PreviousRepairCost
REC01340,CLM01463,0,
REC01249,CLM00025,1,missing:ClaimAmount
REC00626,CLM00268,0,
REC01220,CLM00666,0,
REC00896,CLM01481,0,
REC01005,CLM01238,0,
REC00138,CLM00289,0,
REC00846,CLM01071,3,category_format:RepairAuthorized | invalid:PriorClaimCount | missing:ProductImageAvailable
REC01147,CLM00413,1,missing:RepairReportAvailable
REC01347,CLM01390,1,category_format:ReplacementWithinWarranty
REC00687,CLM00677,0,
REC01363,CLM00831,1,category_format:DuplicateClaimIndicator
REC00798,CLM01383,3,category_format:ClaimSubmissionChannel | missing:FaultEvidenceAvailable | missing:RepairReportAvailable
REC01256,CLM00214,0,
REC01416,CLM01065,2,category_format:ContradictionIndicator | missing:FaultEvidenceAvailable
REC00152,CLM01104,1,missing:RepairReportAvailable
REC01069,CLM00947,2,category_format:FaultEvidenceAvailable | missing:PreviousRepairCost
REC01485,CLM01424,2,category_format:PreviousReplacement | missing:WarrantyCardAvailable
REC01338,CLM01114,1,missing:FaultEvidenceAvailable
REC01169,CLM01286,2,missing:ModelNumber | missing:OCRConfidence
REC00639,CLM00091,0,
REC00655,CLM00675,0,
REC01498,CLM01044,1,missing:RepairReportAvailable
REC01354,CLM00357,3,category_format:WarrantyCardAvailable | missing:ClaimAmount | missing:RepairReportAvailable
REC-DUP-0022,CLM01198,1,exact_duplicate_of:REC00178
REC00443,CLM00848,1,missing:ReceiptAvailable
REC00330,CLM00790,1,logical_date:FaultBeforePurchase
REC00774,CLM01314,3,category_format:ClaimSubmissionChannel | missing:ModelNumber | missing:RepairReportAvailable
REC00936,CLM01201,0,
REC00570,CLM01139,0,
REC01195,CLM00799,1,invalid:PreviousRepairCost
REC01225,CLM01439,0,
REC01462,CLM00321,0,
REC00202,CLM01135,0,
REC00758,CLM00540,0,
REC00012,CLM00304,0,
REC00180,CLM00930,0,
REC00371,CLM00673,1,missing:OCRConfidence
REC00144,CLM00104,1,missing:WarrantyCardAvailable
REC00069,CLM01483,0,
REC01089,CLM01039,0,
REC01422,CLM01311,0,
REC00453,CLM00839,3,category_format:PreviousRepair | category_format:ProductCategory | invalid_date:ClaimDate
REC00031,CLM00687,1,invalid_date:PurchaseDate
REC00172,CLM00043,0,
REC00402,CLM00924,2,missing:ModelNumber | missing:SerialEvidenceAvailable
REC01390,CLM00556,0,
REC-DUP-0006,CLM00338,1,exact_duplicate_of:REC00522
REC00741,CLM00193,2,category_format:ContradictionIndicator | category_format:ProductModelConsistent
REC00740,CLM00637,1,category_format:ReplacementWithinWarranty
REC00659,CLM00147,1,missing:RepairReportAvailable
REC01221,CLM01487,3,missing:FaultEvidenceAvailable | missing:PreviousRepairCost | missing:RepairReportAvailable
REC00034,CLM00669,2,invalid:PreviousRepairCost | missing:RepairReportAvailable
REC00332,CLM01434,0,
REC00070,CLM00045,2,category_format:ProductCategory | invalid:PriorClaimCount
REC00410,CLM00035,1,missing:ModelNumber
REC-DUP-0021,CLM00801,1,exact_duplicate_of:REC00267
REC00683,CLM01288,3,missing:PreviousRepairCost | missing:RepairReportAvailable | missing:WarrantyCardAvailable
REC00981,CLM00538,0,
REC00765,CLM01203,0,
REC01115,CLM00313,1,missing:ClaimAmount
REC00738,CLM01179,1,missing:SerialNumber
REC01277,CLM01130,1,missing:ProductImageAvailable
REC00642,CLM01468,0,
REC00978,CLM00074,2,category_format:WarrantyCardAvailable | missing:RepairReportAvailable
REC00370,CLM00708,0,
REC00874,CLM01351,1,missing:PreviousRepairCost
REC00211,CLM01448,2,missing:PreviousRepairCost | missing:WarrantyCardAvailable
REC01470,CLM00083,1,category_format:ClaimSubmissionChannel
REC00733,CLM00436,2,missing:ProductImageAvailable | missing:SerialEvidenceAvailable
REC01356,CLM01183,1,category_format:DocumentDuplicateIndicator
REC00759,CLM00877,1,category_format:SerialEvidenceAvailable
REC01270,CLM00604,0,
REC01188,CLM00711,1,category_format:WarrantyCardAvailable
REC01427,CLM00756,3,category_format:SerialNumberMatch | missing:PreviousRepairCost | missing:ReceiptAvailable
REC00119,CLM01055,1,missing:RepairReportAvailable
REC01240,CLM01160,0,
REC01499,CLM00962,1,missing:ReceiptAvailable
REC00150,CLM00957,1,missing:Brand
REC00685,CLM00410,2,missing:SerialEvidenceAvailable | missing:WarrantyCardAvailable
REC00086,CLM00302,0,
REC01235,CLM00143,1,missing:ClaimAmount
REC00182,CLM01399,0,
REC00389,CLM00824,1,missing:ReceiptAvailable
REC00238,CLM00283,2,missing:PreviousRepairCost | missing:SerialEvidenceAvailable
REC00726,CLM00233,0,
REC00457,CLM00040,0,
REC00607,CLM01221,0,
REC00354,CLM00739,1,category_format:ClaimSubmissionChannel
REC00891,CLM01153,5,category_format:Brand | category_format:RepairReportAvailable | missing:ClaimAmount | missing:ProductImageAvailable | missing:RepairReportAvailable
REC01395,CLM00493,0,
REC00728,CLM00057,2,category_format:ProductCategory | missing:ModelNumber
REC01293,CLM00928,0,
REC01206,CLM00983,2,category_format:RepairReportAvailable | missing:ReceiptAvailable
REC00366,CLM01148,0,
REC01092,CLM01406,1,missing:RepairReportAvailable
REC00632,CLM01199,1,category_format:RepairAuthorized
REC01384,CLM01362,0,
REC01500,CLM01242,0,
REC00122,CLM00049,2,missing:FaultEvidenceAvailable | missing:ProductImageAvailable
REC00423,CLM00370,0,
REC00274,CLM01455,1,missing:OCRConfidence
REC00411,CLM00027,2,category_format:RepairReportAvailable | missing:ReceiptAvailable
REC00745,CLM01093,0,
REC01001,CLM00617,0,
REC00190,CLM00546,2,missing:FaultEvidenceAvailable | missing:PreviousRepairCost
REC01480,CLM00550,3,missing:FaultEvidenceAvailable | missing:PreviousRepairCost | missing:SerialNumber
REC00213,CLM01336,0,
REC-DUP-0024,CLM00522,1,exact_duplicate_of:REC00753
REC00657,CLM00776,0,
REC00592,CLM00241,1,missing:PreviousRepairCost
REC00050,CLM01138,0,
REC00646,CLM01403,0,
REC00996,CLM01163,0,
REC01273,CLM01334,1,category_format:PreviousReplacement
REC00215,CLM00350,0,
REC00185,CLM01019,2,category_format:ReceiptAvailable | missing:RepairReportAvailable
REC00405,CLM00879,2,category_format:ProductModelConsistent | missing:RepairReportAvailable
REC01133,CLM00303,0,
REC00352,CLM00453,2,missing:FaultEvidenceAvailable | missing:ModelNumber
REC00186,CLM00691,1,missing:PreviousRepairCost
REC00870,CLM00709,0,
REC01423,CLM01259,1,missing:RepairReportAvailable
REC01368,CLM00204,1,logical_date:FaultBeforePurchase
REC00929,CLM00911,2,missing:PreviousRepairCost | missing:RepairReportAvailable
REC01019,CLM01162,0,
REC01129,CLM00398,1,category_format:PreviousRepair
REC00227,CLM00660,1,missing:ReceiptAvailable
REC00780,CLM00532,0,
REC00252,CLM01168,2,category_format:ReplacementWithinWarranty | missing:RepairReportAvailable
REC00060,CLM00629,0,
REC00506,CLM00348,1,missing:SerialEvidenceAvailable
REC00153,CLM00320,0,
REC00183,CLM01427,2,category_format:SerialNumberMatch | missing:RepairReportAvailable
REC00521,CLM01051,0,
REC00754,CLM01484,0,
REC00721,CLM01368,1,missing:FaultEvidenceAvailable
REC01209,CLM00820,1,missing:PreviousRepairCost
REC01034,CLM00454,2,category_format:DuplicateClaimIndicator | category_format:SerialNumberMatch
REC00983,CLM00253,0,
REC00561,CLM00123,2,missing:PreviousRepairCost | missing:RepairReportAvailable
REC01018,CLM01358,1,missing:ProductImageAvailable
REC00950,CLM00671,3,category_format:ClaimSubmissionChannel | category_format:ReplacementWithinWarranty | missing:WarrantyCardAvailable
REC00381,CLM01290,1,category_format:ClaimSubmissionChannel
REC-DUP-0014,CLM00169,1,exact_duplicate_of:REC01271
REC00735,CLM01169,0,
REC00959,CLM01268,0,
REC01379,CLM00212,1,missing:ProductImageAvailable
REC00071,CLM01211,0,
REC01170,CLM00428,1,missing:PreviousRepairCost
REC01316,CLM00667,0,
REC00458,CLM00376,1,missing:RepairReportAvailable
REC00437,CLM00725,2,missing:FaultEvidenceAvailable | missing:RepairReportAvailable
REC00517,CLM01275,1,missing:FaultEvidenceAvailable
REC01217,CLM00590,0,
REC-DUP-0043,CLM00199,1,near_duplicate_of:REC01358
REC01151,CLM01060,2,category_format:PreviousReplacement | missing:RepairReportAvailable
REC01298,CLM00519,0,
REC-DUP-0036,CLM00148,1,near_duplicate_of:REC00948
REC00127,CLM00724,0,
REC00298,CLM01079,1,missing:ReceiptAvailable
REC00325,CLM00403,0,
REC-DUP-0016,CLM00409,1,exact_duplicate_of:REC01381
REC01090,CLM00680,1,missing:ClaimAmount
REC00834,CLM01477,0,
REC00375,CLM01105,1,missing:RepairReportAvailable
REC01020,CLM00871,0,
REC00509,CLM01020,0,
REC00286,CLM00835,0,
REC01457,CLM00838,1,invalid:PriorClaimCount
REC00358,CLM00528,2,category_format:SerialNumberMatch | missing:ProductImageAvailable
REC00510,CLM00437,1,logical_date:FaultBeforePurchase
REC01352,CLM00170,1,missing:OCRConfidence
REC00997,CLM01405,1,missing:PreviousRepairCost
REC00593,CLM00516,2,invalid:OCRConfidence | missing:WarrantyCardAvailable
REC00982,CLM01154,0,
REC00762,CLM01458,0,
REC01328,CLM00721,0,
REC01280,CLM00925,0,
REC01021,CLM00529,2,missing:ClaimAmount | missing:ReceiptAvailable
REC01333,CLM00149,0,
REC00311,CLM00174,1,missing:OCRConfidence
REC00555,CLM01451,0,
REC01307,CLM01479,1,missing:SerialNumber
REC01208,CLM00898,2,category_format:SerialNumberMatch | invalid:WarrantyDurationMonths
REC00944,CLM01364,0,
REC00704,CLM00845,0,
REC00831,CLM01070,2,missing:ReceiptAvailable | missing:RepairReportAvailable
REC01030,CLM00906,0,
REC00094,CLM01418,1,logical_date:FaultBeforePurchase
REC-DUP-0037,CLM01334,1,near_duplicate_of:REC01273
REC00335,CLM00352,0,
REC00197,CLM00730,1,missing:FaultEvidenceAvailable
REC01212,CLM00476,1,category_format:ProductModelConsistent
REC00301,CLM00267,3,category_format:ReplacementWithinWarranty | missing:PreviousRepairCost | missing:RepairReportAvailable
REC01309,CLM00688,2,missing:OCRConfidence | missing:ProductImageAvailable
REC00851,CLM00980,2,missing:FaultEvidenceAvailable | missing:PreviousRepairCost
REC01244,CLM01052,0,
REC01361,CLM00073,2,missing:ProductImageAvailable | missing:ReceiptAvailable
REC01042,CLM01231,2,category_format:ClaimSubmissionChannel | missing:PreviousRepairCost
REC00108,CLM00685,0,
REC00377,CLM00697,2,category_format:ProductImageAvailable | missing:ProductImageAvailable
REC01290,CLM00393,2,invalid:WarrantyDurationMonths | missing:FaultEvidenceAvailable
REC00699,CLM00927,1,category_format:ReplacementWithinWarranty
REC00718,CLM01029,1,missing:OCRConfidence
REC00909,CLM00297,0,
REC00804,CLM00128,1,missing:RepairReportAvailable
REC01060,CLM01443,2,category_format:RepairReportAvailable | missing:PreviousRepairCost
REC00985,CLM00058,0,
REC00193,CLM00833,1,missing:FaultEvidenceAvailable
REC00711,CLM00256,0,
REC00934,CLM00732,2,category_format:SerialEvidenceAvailable | missing:PreviousRepairCost
REC00674,CLM00866,1,category_format:ReplacementWithinWarranty
REC-DUP-0027,CLM00233,1,exact_duplicate_of:REC00726
REC00002,CLM00326,0,
REC01317,CLM01307,1,missing:RepairReportAvailable
REC00505,CLM01177,0,
REC00259,CLM00014,1,missing:PreviousRepairCost
REC00766,CLM00230,1,missing:RepairReportAvailable
REC00446,CLM01042,0,
REC00926,CLM00539,0,
REC01349,CLM00213,1,missing:OCRConfidence
REC00020,CLM01197,1,category_format:ReplacementWithinWarranty
REC00496,CLM01005,0,
REC00196,CLM00807,2,invalid_date:ClaimDate | missing:SerialEvidenceAvailable
REC01088,CLM00503,1,missing:PreviousRepairCost
REC00580,CLM00738,3,invalid:WarrantyDurationMonths | missing:ProductImageAvailable | missing:WarrantyCardAvailable
REC00742,CLM00615,1,category_format:Brand
REC00463,CLM00129,1,missing:ReceiptAvailable
REC00845,CLM01206,1,missing:WarrantyCardAvailable
REC-DUP-0015,CLM01438,1,exact_duplicate_of:REC00314
REC00073,CLM00523,0,
REC00879,CLM00610,0,
REC00251,CLM01212,0,
REC00886,CLM00435,0,
REC01294,CLM01246,0,
REC01231,CLM01208,1,missing:ModelNumber
REC00266,CLM00731,0,
REC00056,CLM00511,0,
REC00669,CLM01283,0,
REC01445,CLM01123,1,missing:PreviousRepairCost
REC00276,CLM01419,2,invalid:RepairCount | missing:ReceiptAvailable
REC00313,CLM00968,0,
REC01174,CLM00434,0,
REC00400,CLM00276,1,invalid_date:PurchaseDate
REC00769,CLM01407,0,
REC00080,CLM01237,1,missing:FaultEvidenceAvailable
REC00478,CLM00254,0,
REC01099,CLM00178,0,
REC01064,CLM01324,0,
REC01488,CLM00008,3,category_format:ProductCategory | category_format:SerialEvidenceAvailable | missing:ClaimAmount
REC00843,CLM00561,0,
REC00091,CLM00501,3,category_format:DocumentDuplicateIndicator | missing:ClaimAmount | missing:FaultEvidenceAvailable
REC00585,CLM01393,1,missing:OCRConfidence
REC00627,CLM00067,0,
REC00141,CLM01102,1,missing:RepairReportAvailable
REC00374,CLM00771,1,invalid_date:PurchaseDate
REC01463,CLM00956,0,
REC01141,CLM00746,0,
REC01181,CLM00080,1,missing:RepairReportAvailable
REC01254,CLM00343,4,invalid:PreviousRepairCost | missing:FaultEvidenceAvailable | missing:RepairReportAvailable | missing:SerialNumber
REC00029,CLM00650,1,missing:SerialNumber
REC00163,CLM00424,1,missing:ModelNumber
REC00556,CLM01325,1,category_format:ProductCategory
REC01392,CLM00576,2,missing:PreviousRepairCost | missing:RepairReportAvailable
REC01246,CLM01274,1,missing:PreviousRepairCost
REC00434,CLM01389,1,missing:ModelNumber
REC01486,CLM01080,1,missing:ProductImageAvailable
REC01161,CLM01442,0,
REC01093,CLM01426,1,missing:RepairReportAvailable
REC01388,CLM01329,2,missing:ClaimAmount | missing:WarrantyCardAvailable
REC01229,CLM00249,1,missing:RepairReportAvailable
REC00946,CLM01067,1,missing:WarrantyCardAvailable
REC-DUP-0007,CLM00725,1,exact_duplicate_of:REC00437
REC00568,CLM01132,1,missing:ProductImageAvailable
REC00994,CLM00408,1,missing:ReceiptAvailable
REC00665,CLM00257,3,category_format:PreviousRepair | invalid:RepairCount | missing:RepairReportAvailable
REC00207,CLM00817,0,
REC00579,CLM00803,0,
REC00621,CLM00375,1,missing:ModelNumber
REC00401,CLM00991,1,missing:ProductImageAvailable
REC00897,CLM00958,2,missing:RepairReportAvailable | missing:SerialEvidenceAvailable
REC01447,CLM01191,0,
REC01335,CLM01110,2,missing:ClaimAmount | missing:OCRConfidence
REC00231,CLM00102,0,
REC00681,CLM00483,0,
REC00623,CLM01480,0,
REC00117,CLM00005,1,missing:RepairReportAvailable
REC01122,CLM00584,0,
REC01214,CLM00884,1,missing:ReceiptAvailable
REC01196,CLM00534,2,missing:Brand | missing:RepairReportAvailable
REC00192,CLM00144,2,missing:FaultEvidenceAvailable | missing:PreviousRepairCost
REC00260,CLM00580,0,
REC00900,CLM00274,1,missing:SerialEvidenceAvailable
REC00618,CLM01210,1,missing:ModelNumber
REC00827,CLM00263,1,missing:ProductImageAvailable
REC00205,CLM01224,0,
REC00692,CLM00176,0,
REC00518,CLM01396,1,missing:ProductImageAvailable
REC00051,CLM00975,0,
REC00566,CLM00310,0,
REC00696,CLM00030,0,
REC00382,CLM01054,1,invalid:PriorClaimCount
REC01418,CLM00719,0,
REC00357,CLM00926,0,
REC00320,CLM00720,0,
REC00451,CLM01353,0,
REC00613,CLM00479,1,missing:SerialNumber
REC01353,CLM01117,0,
REC01232,CLM01144,2,category_format:ProductImageAvailable | missing:PreviousRepairCost
REC00473,CLM00368,0,
REC00281,CLM00430,0,
REC00033,CLM00365,1,invalid:WarrantyDurationMonths
REC00773,CLM00386,2,missing:PreviousRepairCost | missing:ReceiptAvailable
REC00705,CLM01453,1,category_format:DocumentDuplicateIndicator
REC00866,CLM00363,0,
REC01094,CLM01172,0,
REC01380,CLM01402,0,
REC00730,CLM00145,1,category_format:DocumentDuplicateIndicator
REC00464,CLM00783,2,missing:PreviousRepairCost | missing:RepairReportAvailable
REC00847,CLM00793,2,category_format:RepairAuthorized | missing:ProductImageAvailable
REC01481,CLM01372,0,
REC00789,CLM01255,1,missing:WarrantyCardAvailable
REC01484,CLM00296,0,
REC01375,CLM00131,1,category_format:ProductImageAvailable
REC-DUP-0032,CLM00607,1,near_duplicate_of:REC01330
REC00194,CLM01348,1,missing:WarrantyCardAvailable
REC00672,CLM00593,1,missing:FaultEvidenceAvailable
REC00807,CLM01101,0,
REC01443,CLM00912,0,
REC00668,CLM01192,1,missing:RepairReportAvailable
REC00045,CLM00899,1,missing:FaultEvidenceAvailable
REC00283,CLM01305,1,category_format:DocumentDuplicateIndicator
REC00367,CLM00311,1,missing:FaultEvidenceAvailable
REC-DUP-0026,CLM01248,1,exact_duplicate_of:REC00965
REC01483,CLM01395,2,category_format:ClaimSubmissionChannel | category_format:ReceiptAvailable
REC00107,CLM01076,2,missing:OCRConfidence | missing:ReceiptAvailable
REC00691,CLM00778,1,missing:FaultEvidenceAvailable
REC01291,CLM01140,0,
REC01241,CLM01196,1,category_format:ProductImageAvailable
REC00714,CLM01046,1,missing:PreviousRepairCost
REC01428,CLM00987,0,
REC00954,CLM00478,0,
REC01267,CLM00406,0,
REC00671,CLM00315,0,
REC00164,CLM01297,1,missing:RepairReportAvailable
REC01120,CLM00959,1,missing:SerialEvidenceAvailable
REC00176,CLM00795,0,
REC01326,CLM00774,0,
REC00785,CLM01295,1,missing:ProductImageAvailable
REC00147,CLM00135,0,
REC01275,CLM00076,1,missing:RepairReportAvailable
REC00161,CLM01143,1,invalid_date:FaultDate
REC00791,CLM00740,0,
REC01118,CLM00508,0,
REC01083,CLM00056,0,
REC00684,CLM00130,1,category_format:DuplicateClaimIndicator
REC00178,CLM01198,1,invalid:OCRConfidence
REC00567,CLM01064,1,missing:FaultEvidenceAvailable
REC00575,CLM01416,1,category_format:ProductCategory
REC01477,CLM00312,0,
REC00384,CLM00759,3,missing:PreviousRepairCost | missing:ReceiptAvailable | missing:RepairReportAvailable
REC00844,CLM00960,0,
REC00920,CLM00785,2,category_format:RepairReportAvailable | missing:RepairReportAvailable
REC00315,CLM01023,0,
REC00261,CLM00512,1,category_format:RepairAuthorized
REC01431,CLM00940,0,
REC00596,CLM00594,2,category_format:ProductCategory | missing:PreviousRepairCost
REC01489,CLM00684,0,
REC01004,CLM01030,2,category_format:ContradictionIndicator | missing:PreviousRepairCost
REC-DUP-0025,CLM00665,1,exact_duplicate_of:REC00246
REC-DUP-0040,CLM01054,1,near_duplicate_of:REC00382
REC00338,CLM01437,2,category_format:Brand | missing:PreviousRepairCost
REC00246,CLM00665,0,
REC-DUP-0019,CLM00455,1,exact_duplicate_of:REC00134
REC01372,CLM00048,1,missing:PreviousRepairCost
REC00243,CLM01178,0,
REC00708,CLM00494,0,
REC01420,CLM00782,1,category_format:WarrantyCardAvailable
REC00232,CLM01382,1,category_format:DuplicateClaimIndicator
REC00818,CLM00627,1,invalid:WarrantyDurationMonths
REC00053,CLM00226,0,
REC00280,CLM01470,0,
REC01452,CLM00589,1,category_format:RepairReportAvailable
REC00973,CLM01096,1,missing:ReceiptAvailable
REC01154,CLM00151,0,
REC00249,CLM01161,1,missing:ReceiptAvailable
REC00319,CLM00922,1,category_format:SerialNumberMatch
REC-DUP-0041,CLM00786,1,near_duplicate_of:REC01278
REC01068,CLM01318,2,missing:ProductImageAvailable | missing:ReceiptAvailable
REC00450,CLM01003,0,
REC00957,CLM00242,0,
REC00017,CLM00504,1,category_format:ExtendedWarranty
REC00268,CLM01014,0,
REC01310,CLM00359,0,
REC00755,CLM01239,1,missing:RepairReportAvailable
REC01339,CLM00373,0,
REC00576,CLM01207,2,missing:FaultEvidenceAvailable | missing:PreviousRepairCost
REC01279,CLM00815,2,category_format:Brand | missing:OCRConfidence
REC00007,CLM00234,0,
REC00763,CLM00448,0,
REC00706,CLM00826,1,category_format:SerialNumberMatch
REC00233,CLM00515,0,
REC01302,CLM00203,0,
REC00210,CLM00531,1,missing:FaultEvidenceAvailable
REC00424,CLM00480,0,
REC00904,CLM01447,0,
REC00025,CLM00577,0,
REC00421,CLM00775,1,invalid_date:PurchaseDate
REC00449,CLM00733,0,
REC00602,CLM00701,1,missing:WarrantyCardAvailable
REC00454,CLM01069,1,missing:SerialEvidenceAvailable
REC01440,CLM01462,2,invalid:RepairCount | missing:FaultEvidenceAvailable
REC00065,CLM01433,0,
REC00228,CLM01241,3,category_format:ReceiptAvailable | missing:ClaimAmount | missing:OCRConfidence
REC00081,CLM00063,2,missing:PreviousRepairCost | missing:SerialEvidenceAvailable
REC00199,CLM01495,1,missing:PreviousRepairCost
REC00815,CLM01173,1,missing:RepairReportAvailable
REC00559,CLM01066,1,category_format:ExtendedWarranty
REC00689,CLM00808,0,
REC01286,CLM00690,0,
REC00204,CLM00754,1,category_format:ClaimSubmissionChannel
REC01398,CLM01202,2,category_format:RepairAuthorized | category_format:WarrantyCardAvailable
REC01085,CLM00645,1,missing:ClaimAmount
REC01171,CLM00293,0,
REC01022,CLM00096,1,missing:ReceiptAvailable
REC01272,CLM00880,1,missing:FaultEvidenceAvailable
REC00101,CLM01493,0,
REC01176,CLM00245,0,
REC01314,CLM00152,1,missing:PreviousRepairCost
REC00658,CLM00569,0,
REC00673,CLM00396,1,missing:SerialEvidenceAvailable
REC00899,CLM00885,1,category_format:ExtendedWarranty
REC00679,CLM00664,1,missing:FaultEvidenceAvailable
REC00787,CLM01432,0,
REC00837,CLM00405,0,
REC00731,CLM01367,3,missing:PreviousRepairCost | missing:RepairReportAvailable | missing:WarrantyCardAvailable
REC00812,CLM01048,1,missing:WarrantyCardAvailable
REC00854,CLM00635,1,missing:PreviousRepairCost
REC00648,CLM01267,0,
REC01109,CLM00509,1,missing:WarrantyCardAvailable
REC01223,CLM00347,0,
REC00353,CLM00600,3,category_format:ProductImageAvailable | category_format:SerialEvidenceAvailable | missing:FaultEvidenceAvailable
REC01108,CLM00939,1,missing:PreviousRepairCost
REC-DUP-0012,CLM00366,1,exact_duplicate_of:REC01449
REC00591,CLM00772,1,missing:PreviousRepairCost
REC00247,CLM00060,0,
REC01324,CLM00107,1,missing:WarrantyCardAvailable
REC00203,CLM00095,0,
REC00938,CLM01119,0,
REC00700,CLM01167,0,
REC00667,CLM00442,1,missing:PreviousRepairCost
REC-DUP-0023,CLM00959,1,exact_duplicate_of:REC01120
REC00670,CLM00894,1,missing:RepairReportAvailable
REC01400,CLM01346,0,
REC00170,CLM00124,0,
REC00501,CLM00153,1,category_format:SerialEvidenceAvailable
REC00554,CLM00459,0,
REC00910,CLM00763,0,
REC00363,CLM00481,0,
REC00169,CLM00416,1,invalid_date:PurchaseDate
REC01081,CLM00120,1,missing:ReceiptAvailable
REC00419,CLM00228,3,category_format:RepairAuthorized | missing:PreviousRepairCost | missing:RepairReportAvailable
REC01035,CLM00255,2,missing:PreviousRepairCost | missing:WarrantyCardAvailable
REC01084,CLM00702,0,
REC01138,CLM00026,0,
REC00790,CLM00361,1,category_format:ProductModelConsistent
REC01145,CLM00910,0,
REC00880,CLM00109,0,
REC00302,CLM00996,0,
REC-DUP-0044,CLM01385,1,near_duplicate_of:REC00062
REC01028,CLM00964,1,category_format:FaultEvidenceAvailable
REC00100,CLM00191,0,
REC00968,CLM00828,1,missing:FaultEvidenceAvailable
REC00928,CLM00278,1,missing:WarrantyCardAvailable
REC00842,CLM01018,1,category_format:RepairReportAvailable
REC00610,CLM01261,0,
REC01166,CLM00273,2,missing:RepairReportAvailable | missing:SerialNumber
REC01038,CLM00282,1,missing:RepairReportAvailable
REC00640,CLM00477,2,invalid:PriorClaimCount | missing:FaultEvidenceAvailable
REC00504,CLM00505,1,missing:Brand
REC01124,CLM00306,0,
REC01467,CLM01425,2,missing:ClaimAmount | missing:RepairReportAvailable
REC01454,CLM00161,0,
REC01299,CLM01454,0,
REC00723,CLM00337,0,
REC00235,CLM00804,2,invalid:ClaimAmount | missing:PreviousRepairCost
REC00362,CLM00064,2,missing:PreviousRepairCost | missing:ProductImageAvailable
REC00234,CLM01092,1,invalid:PreviousRepairCost
REC00064,CLM00041,0,
