ClaimID,ActualClass,PythonPredictedClass,PythonP_ValidClaim,PythonP_InvalidClaim,PythonP_ManualReview,PythonTopConfidence,CardFilename,GTMPredictedClass,GTMP_ValidClaim,GTMP_InvalidClaim,GTMP_ManualReview,GTMTopConfidence,PredictedClassMatch,TopConfidenceDifference,ModelConsistencyStatus,ProductCategory,WarrantyStatus,WarrantyRemainingDays,ComponentWarrantyEligible,FaultCovered,ClaimReportingDelayDays,ClaimReportingWithinPeriod,RequiredDocumentsComplete,MissingDocumentCount,CriticalDocumentMissing,PreviousRepair,RepairAuthorized,RepairReportAvailable,SerialNumberMatch,ProductIdentityMatch,ProductModelConsistent,DuplicateClaimIndicator,DocumentDuplicateIndicator,ContradictionIndicator,OCRConfidence
CLM00003,Manual Review,Manual Review,0.0014278005844969,0.0013797076043445,0.9971924918111584,0.9971924918111584,CLM00003_v01.png,Manual Review,0.036502331495285,0.2948086857795715,0.6686890721321106,0.6686890721321106,YES,0.32850341967904784,Weak Match,Laptop,Active,228.0,Yes,Yes,5.0,Yes,Yes,0.0,No,No,Not Applicable,Not Applicable,Yes,Yes,No,No,No,No,0.599
CLM00008,Valid Claim,Valid Claim,0.9476876508453425,0.019012392289728,0.0332999568649297,0.9476876508453425,CLM00008_v01.png,Valid Claim,0.8664206266403198,0.0731190890073776,0.0604602955281734,0.8664206266403198,YES,0.08126702420502263,Strong Match,Smartphone,Active,110.0,Yes,Yes,23.0,Yes,Yes,0.0,No,No,Not Applicable,Not Applicable,Yes,Yes,Yes,No,No,No,0.834
CLM00012,Invalid Claim,Invalid Claim,0.0007191584571272,0.9244724910343,0.0748083505085727,0.9244724910343,CLM00012_v01.png,Manual Review,0.048868890851736,0.1303692013025283,0.8207619190216064,0.8207619190216064,NO,0.10371057201269351,Model Disagreement,Television,Expired,-227.0,Yes,Yes,18.0,Yes,No,1.0,Yes,No,Not Applicable,,Yes,Yes,Yes,No,No,No,0.58
CLM00021,Invalid Claim,Invalid Claim,0.0001234133552725,0.9967532728879132,0.0031233137568141,0.9967532728879132,CLM00021_v01.png,Invalid Claim,0.0168772414326667,0.9153919816017152,0.0677307695150375,0.9153919816017152,YES,0.08136129128619796,Strong Match,Smartphone,Expired,-14.0,Yes,Yes,37.0,No,Unknown,0.0,No,Yes,Yes,,Yes,Yes,Yes,No,No,No,0.479
CLM00022,Valid Claim,Valid Claim,0.8254965193337004,0.0218602136745877,0.1526432669917118,0.8254965193337004,CLM00022_v01.png,Valid Claim,0.6381227374076843,0.0687989890575409,0.2930783629417419,0.6381227374076843,YES,0.18737378192601606,Weak Match,Smartphone,Active,193.0,Yes,Yes,3.0,Yes,Unknown,0.0,No,No,Not Applicable,Not Applicable,Yes,Yes,Yes,No,No,No,0.725
CLM00034,Invalid Claim,Invalid Claim,0.0017997169672076,0.996104764097598,0.0020955189351944,0.996104764097598,CLM00034_v01.png,Invalid Claim,0.0001063800082192,0.9953434467315674,0.0045501072891056,0.9953434467315674,YES,0.0007613173660305783,Strong Match,Printer,Nearing Expiry,10.0,Yes,No,1.0,Yes,Unknown,0.0,No,Yes,No,,Yes,Yes,Yes,No,No,No,0.889
CLM00041,Invalid Claim,Invalid Claim,0.0011432715317414,0.9885330624565744,0.0103236660116841,0.9885330624565744,CLM00041_v01.png,Invalid Claim,1.87567402463e-05,0.999886989593506,9.43310806178e-05,0.999886989593506,YES,0.011353927136931619,Strong Match,Printer,Nearing Expiry,26.0,Yes,No,14.0,Yes,Yes,0.0,No,No,Not Applicable,Not Applicable,Yes,Yes,No,No,No,Yes,0.785
CLM00062,Valid Claim,Valid Claim,0.9480851735120636,0.0188679167116686,0.0330469097762677,0.9480851735120636,CLM00062_v01.png,Valid Claim,0.8622792959213257,0.0930213183164596,0.0446994714438915,0.8622792959213257,YES,0.08580587759073788,Strong Match,Washing Machine,Active,224.0,Yes,Yes,10.0,Yes,Yes,0.0,No,No,Not Applicable,Not Applicable,Yes,Yes,Yes,No,No,No,0.95
CLM00070,Valid Claim,Valid Claim,0.9457155113693296,0.019729146363554,0.0345553422671162,0.9457155113693296,CLM00070_v01.png,Valid Claim,0.807064950466156,0.1514467298984527,0.0414883308112621,0.807064950466156,YES,0.13865056090317363,Acceptable Match,Smartphone,Nearing Expiry,25.0,Yes,Yes,10.0,Yes,Yes,0.0,No,No,Not Applicable,Not Applicable,Yes,Yes,Yes,No,No,No,0.793
CLM00071,Valid Claim,Valid Claim,0.9378293981586872,0.0225952741598545,0.0395753276814581,0.9378293981586872,CLM00071_v01.png,Valid Claim,0.9075899720191956,0.0547773465514183,0.0376327224075794,0.9075899720191956,YES,0.0302394261394916,Strong Match,Television,Nearing Expiry,14.0,Yes,Yes,26.0,Yes,Yes,0.0,No,No,Not Applicable,Not Applicable,Yes,Yes,Yes,No,No,No,0.972
CLM00079,Invalid Claim,Invalid Claim,0.0164012258298122,0.978206816619105,0.0053919575510827,0.978206816619105,CLM00079_v01.png,Invalid Claim,0.0005849914741702,0.9993519186973572,6.30891954642e-05,0.9993519186973572,YES,0.021145102078252154,Strong Match,Television,Nearing Expiry,0.0,Yes,No,7.0,Yes,Yes,0.0,No,No,Not Applicable,Not Applicable,Yes,Yes,Yes,No,No,No,0.891
CLM00081,Invalid Claim,Invalid Claim,0.0016983490694852,0.980899561001222,0.0174020899292929,0.980899561001222,CLM00081_v01.png,Invalid Claim,5.30517027073e-05,0.9985458850860596,0.001401005196385,0.9985458850860596,YES,0.017646324084837572,Strong Match,Smartphone,Nearing Expiry,12.0,Yes,No,11.0,Yes,No,1.0,No,No,Not Applicable,Not Applicable,Yes,Yes,Yes,No,No,No,0.922
CLM00083,Manual Review,Manual Review,0.014391059829087,0.0193147483509837,0.9662941918199291,0.9662941918199291,CLM00083_v01.png,Manual Review,0.0069565251469612,0.0244731921702623,0.9685702919960022,0.9685702919960022,YES,0.002276100176073048,Strong Match,Refrigerator,Active,256.0,Yes,Yes,13.0,Yes,No,1.0,No,No,Not Applicable,,Yes,Yes,Yes,No,No,No,0.865
CLM00084,Valid Claim,Valid Claim,0.9476876508453425,0.019012392289728,0.0332999568649297,0.9476876508453425,CLM00084_v01.png,Valid Claim,0.8118529915809631,0.1113342717289924,0.0768127366900444,0.8118529915809631,YES,0.13583465926437932,Acceptable Match,Camera,Active,293.0,Yes,Yes,17.0,Yes,Yes,0.0,No,No,Not Applicable,Not Applicable,Yes,Yes,Yes,No,No,No,0.78
CLM00094,Valid Claim,Valid Claim,0.9476876508453425,0.019012392289728,0.0332999568649297,0.9476876508453425,CLM00094_v01.png,Valid Claim,0.9137925505638124,0.0468563474714756,0.0393511392176151,0.9137925505638124,YES,0.03389510028153009,Strong Match,Television,Active,345.0,Yes,Yes,17.0,Yes,Yes,0.0,No,No,Not Applicable,Not Applicable,Yes,Yes,Yes,No,No,No,0.873
CLM00096,Invalid Claim,Invalid Claim,0.1504069314397742,0.8399497174462142,0.0096433511140114,0.8399497174462142,CLM00096_v01.png,Invalid Claim,0.1463016718626022,0.8215175867080688,0.0321807526051998,0.8215175867080688,YES,0.018432130738145314,Acceptable Match,Laptop,Nearing Expiry,21.0,Yes,Yes,16.0,Yes,Yes,0.0,No,No,Not Applicable,Not Applicable,Yes,Yes,Yes,Yes,No,No,0.76
CLM00097,Invalid Claim,Invalid Claim,0.0001568191691526,0.766078816679052,0.2337643641517953,0.766078816679052,CLM00097_v01.png,Manual Review,0.0059157875366508,0.0484103485941886,0.945673942565918,0.945673942565918,NO,0.179595125886866,Model Disagreement,Television,Expired,-111.0,Yes,Yes,13.0,Yes,Yes,0.0,No,Yes,Yes,Yes,Unknown,Unknown,Yes,No,No,No,0.476
CLM00104,Invalid Claim,Invalid Claim,0.0016921902638804,0.9655617289504914,0.0327460807856279,0.9655617289504914,CLM00104_v01.png,Manual Review,0.0001360244787065,0.3179819285869598,0.6818820834159851,0.6818820834159851,NO,0.2836796455345063,Model Disagreement,Smartphone,Expired,-212.0,Yes,Yes,17.0,Yes,No,1.0,No,Yes,Yes,No,Yes,Yes,Yes,No,No,No,0.817
CLM00107,Invalid Claim,Invalid Claim,0.1608907228958477,0.8295849228202212,0.009524354283931,0.8295849228202212,CLM00107_v01.png,Invalid Claim,0.0586649626493454,0.8837111592292786,0.0576238483190536,0.8837111592292786,YES,0.05412623640905734,Acceptable Match,Smartphone,Active,143.0,Yes,Yes,9.0,Yes,Yes,0.0,No,Yes,Yes,Yes,Yes,Yes,Yes,Yes,No,No,0.954
CLM00133,Invalid Claim,Invalid Claim,0.031274766664886,0.9634706379941064,0.0052545953410078,0.9634706379941064,CLM00133_v01.png,Invalid Claim,0.0014879744267091,0.998380184173584,0.0001318686845479,0.998380184173584,YES,0.03490954617947761,Strong Match,Television,Active,148.0,Yes,No,8.0,Yes,Yes,0.0,No,No,Not Applicable,Not Applicable,Yes,Yes,Yes,No,No,No,0.817
CLM00137,Invalid Claim,Invalid Claim,0.0010031262352911,0.998273583575274,0.0007232901894347,0.998273583575274,CLM00137_v01.png,Invalid Claim,3.3650624118e-06,0.999864935874939,0.0001317097776336,0.999864935874939,YES,0.0015913522996650054,Strong Match,Washing Machine,Active,106.0,Yes,No,9.0,Yes,Yes,0.0,No,Yes,Yes,Yes,No,No,Yes,No,No,No,0.909
CLM00138,Manual Review,Manual Review,0.014391059829087,0.0193147483509837,0.9662941918199291,0.9662941918199291,CLM00138_v01.png,Manual Review,0.0054175178520381,0.029405003413558,0.9651775360107422,0.9651775360107422,YES,0.0011166558091869616,Strong Match,Camera,Nearing Expiry,30.0,Yes,Yes,24.0,Yes,No,1.0,No,No,Not Applicable,,Yes,Yes,Yes,No,No,No,0.798
CLM00144,Manual Review,Manual Review,0.0145056512714073,0.0193125027292352,0.9661818459993572,0.9661818459993572,CLM00144_v01.png,Manual Review,0.0212843418121337,0.1621414124965667,0.8165742754936218,0.8165742754936218,YES,0.14960757050573537,Acceptable Match,Camera,Active,79.0,Yes,Yes,8.0,Yes,No,2.0,Yes,No,Not Applicable,Not Applicable,Yes,Yes,Yes,No,No,No,0.839
CLM00186,Invalid Claim,Invalid Claim,0.0004066961617023,0.9953632735606296,0.004230030277668,0.9953632735606296,CLM00186_v01.png,Invalid Claim,6.92995163262e-05,0.9376745223999025,0.0622561164200305,0.9376745223999025,YES,0.057688751160727136,Strong Match,Refrigerator,Active,125.0,Yes,No,50.0,No,No,1.0,No,Yes,Yes,No,Yes,Yes,Yes,No,No,No,0.882
CLM00188,Invalid Claim,Invalid Claim,0.0574003086865912,0.9378798896153534,0.0047198016980553,0.9378798896153534,CLM00188_v01.png,Valid Claim,0.839685320854187,0.1027675420045852,0.0575472153723239,0.839685320854187,NO,0.09819456876116639,Model Disagreement,Smartphone,Expired,-6.0,Yes,Yes,6.0,Yes,Yes,0.0,No,No,Not Applicable,Not Applicable,Yes,Yes,Yes,No,No,No,0.797
CLM00189,Manual Review,Manual Review,0.0021899322855702,0.0082894881478671,0.9895205795665624,0.9895205795665624,CLM00189_v01.png,Manual Review,0.0212912429124116,0.0771612152457237,0.9015475511550904,0.9015475511550904,YES,0.08797302841147192,Strong Match,Refrigerator,Nearing Expiry,24.0,Yes,Yes,5.0,Yes,No,1.0,Yes,No,Not Applicable,,Yes,Yes,Yes,No,No,No,0.532
CLM00191,Invalid Claim,Invalid Claim,0.1504069314397742,0.8399497174462142,0.0096433511140114,0.8399497174462142,CLM00191_v01.png,Invalid Claim,0.2125669866800308,0.723680853843689,0.0637521669268608,0.723680853843689,YES,0.1162688636025252,Acceptable Match,Refrigerator,Nearing Expiry,15.0,Yes,Yes,19.0,Yes,Yes,0.0,No,No,Not Applicable,Not Applicable,Yes,Yes,Yes,Yes,No,No,0.855
CLM00196,Invalid Claim,Invalid Claim,0.0310318742859531,0.9637122128671884,0.0052559128468585,0.9637122128671884,CLM00196_v01.png,Invalid Claim,0.0003939207235816,0.9995531439781188,5.28507225681e-05,0.9995531439781188,YES,0.03584093111093034,Strong Match,Printer,Active,34.0,Yes,No,21.0,Yes,Yes,0.0,No,No,Not Applicable,Not Applicable,Yes,Yes,Yes,No,Yes,No,0.857
CLM00203,Manual Review,Manual Review,0.0513523985225562,0.02747174448359,0.9211758569938538,0.9211758569938538,CLM00203_v01.png,Valid Claim,0.9255030751228333,0.0438136495649814,0.0306833423674106,0.9255030751228333,NO,0.004327218128979404,Model Disagreement,Television,Active,122.0,Yes,Yes,12.0,Yes,Yes,0.0,No,No,Not Applicable,Not Applicable,Yes,Yes,Yes,No,No,No,0.543
CLM00204,Manual Review,Manual Review,0.0006189274789894,0.001138718354561,0.9982423541664496,0.9982423541664496,CLM00204_v01.png,Manual Review,0.0065626874566078,0.2908213436603546,0.7026159763336182,0.7026159763336182,YES,0.2956263778328314,Weak Match,Air Conditioner,Active,139.0,Yes,Yes,0.0,Yes,Yes,0.0,No,No,Not Applicable,Not Applicable,Unknown,Unknown,No,No,No,No,0.807
CLM00211,Valid Claim,Valid Claim,0.9476876508453425,0.019012392289728,0.0332999568649297,0.9476876508453425,CLM00211_v01.png,Valid Claim,0.8918051719665527,0.0611244067549705,0.0470704920589923,0.8918051719665527,YES,0.05588247887878972,Strong Match,Washing Machine,Active,116.0,Yes,Yes,25.0,Yes,Yes,0.0,No,No,Not Applicable,Not Applicable,Yes,Yes,Yes,No,No,No,0.922
CLM00214,Valid Claim,Valid Claim,0.9476876508453425,0.019012392289728,0.0332999568649297,0.9476876508453425,CLM00214_v01.png,Valid Claim,0.903509795665741,0.05743870139122,0.0390514507889747,0.903509795665741,YES,0.04417785517960149,Strong Match,Washing Machine,Active,146.0,Yes,Yes,22.0,Yes,Yes,0.0,No,No,Not Applicable,Not Applicable,Yes,Yes,Yes,No,No,No,0.868
CLM00217,Invalid Claim,Invalid Claim,0.0272722327639385,0.9674514612022128,0.0052763060338487,0.9674514612022128,CLM00217_v01.png,Invalid Claim,0.0037830518558621,0.9938071966171264,0.0024098055437207,0.9938071966171264,YES,0.02635573541491354,Strong Match,Air Conditioner,Active,167.0,Yes,No,4.0,Yes,Yes,0.0,No,Yes,Yes,Yes,Yes,Yes,Yes,No,No,No,0.817
CLM00228,Valid Claim,Valid Claim,0.9480851735120636,0.0188679167116686,0.0330469097762677,0.9480851735120636,CLM00228_v01.png,Valid Claim,0.908123254776001,0.0432817824184894,0.0485949404537677,0.908123254776001,YES,0.039961918736062585,Strong Match,Refrigerator,Active,174.0,Yes,Yes,1.0,Yes,Yes,0.0,No,No,Not Applicable,Not Applicable,Yes,Yes,Yes,No,No,No,0.904
CLM00234,Manual Review,Manual Review,0.0145056512714073,0.0193125027292352,0.9661818459993572,0.9661818459993572,CLM00234_v01.png,Manual Review,0.0053711347281932,0.0433560386300087,0.9512727856636048,0.9512727856636048,YES,0.014909060335752344,Strong Match,Smartphone,Active,153.0,Yes,Yes,4.0,Yes,No,1.0,No,No,Not Applicable,Not Applicable,Yes,Yes,Yes,No,No,No,0.889
CLM00235,Manual Review,Manual Review,0.0145056512714073,0.0193125027292352,0.9661818459993572,0.9661818459993572,CLM00235_v01.png,Manual Review,0.1440002918243408,0.0398164987564086,0.8161832690238953,0.8161832690238953,YES,0.14999857697546193,Acceptable Match,Air Conditioner,Active,106.0,Yes,Yes,,Unknown,No,1.0,Yes,No,Not Applicable,,Yes,Yes,Yes,No,No,No,0.778
CLM00244,Manual Review,Manual Review,0.0513523985225562,0.02747174448359,0.9211758569938538,0.9211758569938538,CLM00244_v01.png,Valid Claim,0.9088191390037536,0.0571000166237354,0.0340807698667049,0.9088191390037536,NO,0.012356717990100297,Model Disagreement,Washing Machine,Active,166.0,Yes,Yes,12.0,Yes,Yes,0.0,No,No,Not Applicable,Not Applicable,Yes,Yes,Yes,No,No,No,0.506
CLM00261,Valid Claim,Valid Claim,0.9480851735120636,0.0188679167116686,0.0330469097762677,0.9480851735120636,CLM00261_v01.png,Valid Claim,0.9045142531394958,0.0356641262769699,0.0598215758800506,0.9045142531394958,YES,0.04357092037256771,Strong Match,Television,Active,84.0,Yes,Yes,9.0,Yes,Yes,0.0,No,No,Not Applicable,,Yes,Yes,Yes,No,No,No,0.976
CLM00266,Invalid Claim,Invalid Claim,0.0272722327639385,0.9674514612022128,0.0052763060338487,0.9674514612022128,CLM00266_v01.png,Invalid Claim,0.0012467812048271,0.9983332753181458,0.0004199680988676,0.9983332753181458,YES,0.030881814115932937,Strong Match,Washing Machine,Active,231.0,Yes,No,5.0,Yes,Yes,0.0,No,Yes,Yes,Yes,Yes,Yes,Yes,No,No,No,0.761
CLM00268,Manual Review,Manual Review,0.0138470162040641,0.0193254098469189,0.9668275739490167,0.9668275739490167,CLM00268_v01.png,Manual Review,0.0119483359158039,0.108219675719738,0.8798320293426514,0.8798320293426514,YES,0.08699554460636538,Strong Match,Laptop,Nearing Expiry,21.0,Yes,Yes,9.0,Yes,No,1.0,No,No,Not Applicable,Not Applicable,Yes,Yes,Yes,No,No,No,0.943
CLM00273,Invalid Claim,Invalid Claim,0.0018095291643488,0.9653821432021208,0.0328083276335305,0.9653821432021208,CLM00273_v01.png,Invalid Claim,0.0005750233540311,0.9993496537208556,7.53345666453e-05,0.9993496537208556,YES,0.03396751051873481,Strong Match,Television,Nearing Expiry,29.0,Yes,No,4.0,Yes,Yes,0.0,No,No,Not Applicable,Not Applicable,Yes,Yes,Yes,No,No,No,0.56
CLM00277,Invalid Claim,Invalid Claim,0.0272722327639385,0.9674514612022128,0.0052763060338487,0.9674514612022128,CLM00277_v01.png,Invalid Claim,0.0026015718467533,0.996589183807373,0.0008092877105809,0.996589183807373,YES,0.029137722605160232,Strong Match,Smartphone,Active,170.0,Yes,No,5.0,Yes,Yes,0.0,No,Yes,Yes,Yes,Yes,Yes,Yes,No,No,No,0.92
CLM00278,Invalid Claim,Invalid Claim,0.0017801743796178,0.9808191620449414,0.0174006635754407,0.9808191620449414,CLM00278_v01.png,Invalid Claim,5.94427729083e-05,0.9992450475692748,0.0006955763674341,0.9992450475692748,YES,0.01842588552433344,Strong Match,Television,Active,311.0,Yes,No,12.0,Yes,No,1.0,No,No,Not Applicable,Not Applicable,Yes,Yes,Yes,No,No,No,0.936
CLM00282,Invalid Claim,Invalid Claim,0.031274766664886,0.9634706379941064,0.0052545953410078,0.9634706379941064,CLM00282_v01.png,Invalid Claim,0.0006327519076876,0.9992979764938354,6.91603636369e-05,0.9992979764938354,YES,0.03582733849972908,Strong Match,Refrigerator,Active,214.0,Yes,No,9.0,Yes,Yes,0.0,No,No,Not Applicable,Not Applicable,Yes,Yes,Yes,No,No,No,0.917
CLM00285,Invalid Claim,Invalid Claim,0.1608907228958477,0.8295849228202212,0.009524354283931,0.8295849228202212,CLM00285_v01.png,Invalid Claim,0.0980862751603126,0.8478776216506958,0.0540360324084758,0.8478776216506958,YES,0.018292698830474574,Acceptable Match,Television,Active,142.0,Yes,Yes,11.0,Yes,Yes,0.0,No,Yes,Yes,Yes,Yes,Yes,Yes,Yes,No,No,0.854
CLM00294,Invalid Claim,Invalid Claim,0.0035834637778403,0.7450475430625142,0.2513689931596455,0.7450475430625142,CLM00294_v01.png,Invalid Claim,0.0008067996241152,0.9898019433021544,0.0093912463635206,0.9898019433021544,YES,0.24475440023964024,Weak Match,Air Conditioner,Nearing Expiry,8.0,Yes,Yes,24.0,Yes,Yes,0.0,No,No,Not Applicable,Not Applicable,No,No,Yes,No,No,No,0.541
CLM00297,Manual Review,Manual Review,0.0509617782705917,0.0274830563972399,0.9215551653321684,0.9215551653321684,CLM00297_v01.png,Valid Claim,0.8673230409622192,0.0613024309277534,0.0713744908571243,0.8673230409622192,NO,0.054232124369949175,Model Disagreement,Laptop,Active,280.0,Yes,Yes,21.0,Yes,Yes,0.0,No,No,Not Applicable,Not Applicable,Yes,Yes,Yes,No,No,No,0.615
CLM00304,Invalid Claim,Invalid Claim,0.002728311189812,0.9765705656373376,0.0207011231728504,0.9765705656373376,CLM00304_v01.png,Invalid Claim,5.20748835697e-05,0.9991719722747804,0.0007760404841974,0.9991719722747804,YES,0.02260140663744281,Strong Match,Washing Machine,Active,311.0,Yes,No,8.0,Yes,Yes,0.0,No,No,Not Applicable,Not Applicable,Unknown,Unknown,Yes,No,No,No,
CLM00308,Valid Claim,Valid Claim,0.9476876508453425,0.019012392289728,0.0332999568649297,0.9476876508453425,CLM00308_v01.png,Valid Claim,0.874393880367279,0.0770627632737159,0.0485432893037796,0.874393880367279,YES,0.0732937704780634,Strong Match,Television,Active,241.0,Yes,Yes,17.0,Yes,Yes,0.0,No,No,Not Applicable,Not Applicable,Yes,Yes,Yes,No,No,No,0.891
CLM00311,Valid Claim,Valid Claim,0.9209120918274344,0.0257935559694191,0.0532943522031464,0.9209120918274344,CLM00311_v01.png,Valid Claim,0.862847626209259,0.0961001962423324,0.0410522148013114,0.862847626209259,YES,0.058064465618175354,Strong Match,Smartphone,Active,158.0,Yes,Yes,1.0,Yes,Yes,0.0,No,Yes,Yes,Yes,Yes,Yes,Yes,No,No,No,
CLM00313,Invalid Claim,Invalid Claim,0.0152571118438774,0.7367450114344585,0.247997876721664,0.7367450114344585,CLM00313_v01.png,Invalid Claim,4.28581843152e-05,0.9994847178459167,0.0004723865131381,0.9994847178459167,YES,0.2627397064114583,Weak Match,Printer,Nearing Expiry,7.0,Yes,Yes,31.0,No,Yes,0.0,No,No,Not Applicable,Not Applicable,Yes,Yes,No,No,No,No,
CLM00320,Invalid Claim,Invalid Claim,0.0087561775672143,0.9837667555235308,0.0074770669092546,0.9837667555235308,CLM00320_v01.png,Invalid Claim,1.69231734616e-05,0.9998679161071776,0.000115189133794,0.9998679161071776,YES,0.016101160583646856,Strong Match,Smartphone,Active,95.0,Yes,No,11.0,Yes,Yes,0.0,No,No,Not Applicable,Not Applicable,Yes,Yes,No,No,No,No,0.936
CLM00321,Invalid Claim,Invalid Claim,0.0019851795452455,0.829291126537101,0.1687236939176535,0.829291126537101,CLM00321_v01.png,Valid Claim,0.7804366946220398,0.0937175899744033,0.1258457154035568,0.7804366946220398,NO,0.048854431915061225,Model Disagreement,Television,Expired,-80.0,Yes,Yes,17.0,Yes,Unknown,0.0,Unknown,No,Not Applicable,Not Applicable,Yes,Yes,Yes,No,No,No,0.599
CLM00347,Invalid Claim,Invalid Claim,0.0574003086865912,0.9378798896153534,0.0047198016980553,0.9378798896153534,CLM00347_v01.png,Valid Claim,0.8134584426879883,0.137640044093132,0.0489015094935894,0.8134584426879883,NO,0.12442144692736512,Model Disagreement,Television,Expired,-108.0,Yes,Yes,5.0,Yes,Yes,0.0,No,No,Not Applicable,Not Applicable,Yes,Yes,Yes,No,No,No,0.925
CLM00348,Manual Review,Manual Review,0.0024558587567627,0.0155932478811296,0.9819508933621076,0.9819508933621076,CLM00348_v01.png,Invalid Claim,1.816365625e-06,0.6011979579925537,0.398800253868103,0.6011979579925537,NO,0.3807529353695539,Model Disagreement,Refrigerator,Active,345.0,Yes,Yes,6.0,Yes,No,2.0,Yes,Yes,Yes,No,Unknown,Unknown,No,No,No,No,0.802
CLM00349,Invalid Claim,Invalid Claim,0.0019676369603032,0.9973854958435504,0.0006468671961465,0.9973854958435504,CLM00349_v01.png,Invalid Claim,0.0002758526825346,0.9996801614761353,4.40076037193e-05,0.9996801614761353,YES,0.002294665632584847,Strong Match,Smartphone,Expired,-191.0,Yes,No,9.0,Yes,Yes,0.0,No,No,Not Applicable,Not Applicable,Yes,Yes,Yes,No,No,No,0.882
CLM00354,Invalid Claim,Invalid Claim,0.0310318742859531,0.9637122128671884,0.0052559128468585,0.9637122128671884,CLM00354_v01.png,Invalid Claim,0.0006872825324535,0.999253511428833,5.92590367887e-05,0.999253511428833,YES,0.03554129856164456,Strong Match,Refrigerator,Active,211.0,Yes,No,16.0,Yes,Yes,0.0,No,No,Not Applicable,Not Applicable,Yes,Yes,Yes,No,No,No,0.873
CLM00362,Valid Claim,Valid Claim,0.8254965193337004,0.0218602136745877,0.1526432669917118,0.8254965193337004,CLM00362_v01.png,Valid Claim,0.8544282913208008,0.0264158528298139,0.1191557943820953,0.8544282913208008,YES,0.028931771987100396,Acceptable Match,Refrigerator,Active,329.0,Yes,Yes,7.0,Yes,Unknown,0.0,Unknown,No,Not Applicable,,Yes,Yes,Yes,No,No,No,0.787
CLM00369,Manual Review,Manual Review,0.0022770313615467,0.008288764556493,0.98943420408196,0.98943420408196,CLM00369_v01.png,Manual Review,0.0447992086410522,0.0893978625535965,0.8658029437065125,0.8658029437065125,YES,0.12363126037544758,Acceptable Match,Laptop,Active,143.0,Yes,Yes,15.0,Yes,No,1.0,Yes,No,Not Applicable,Not Applicable,Yes,Yes,Yes,No,No,No,0.568
CLM00373,Valid Claim,Valid Claim,0.9476876508453425,0.019012392289728,0.0332999568649297,0.9476876508453425,CLM00373_v01.png,Valid Claim,0.8471797704696655,0.1013392060995101,0.0514810346066951,0.8471797704696655,YES,0.10050788037567693,Acceptable Match,Washing Machine,Active,270.0,Yes,Yes,13.0,Yes,Yes,0.0,No,No,Not Applicable,Not Applicable,Yes,Yes,Yes,No,No,No,0.864
CLM00380,Invalid Claim,Invalid Claim,0.0019626206928574,0.9974634055133984,0.0005739737937443,0.9974634055133984,CLM00380_v01.png,Invalid Claim,7.19887684681e-05,0.9998836517333984,4.43538265244e-05,0.9998836517333984,YES,0.002420246220000033,Strong Match,Laptop,Active,116.0,Yes,No,2.0,Yes,Yes,0.0,No,No,Not Applicable,Not Applicable,Yes,Yes,Yes,Yes,No,No,0.731
CLM00387,Invalid Claim,Invalid Claim,0.0407400110388266,0.9538130022344752,0.0054469867266982,0.9538130022344752,CLM00387_v01.png,Valid Claim,0.839194118976593,0.1225687712430954,0.0382370539009571,0.839194118976593,NO,0.11461888325788216,Model Disagreement,Air Conditioner,Expired,-293.0,Yes,Yes,12.0,Yes,Yes,0.0,No,No,Not Applicable,Not Applicable,Yes,Yes,Yes,No,No,No,
CLM00389,Valid Claim,Valid Claim,0.9476876508453425,0.019012392289728,0.0332999568649297,0.9476876508453425,CLM00389_v01.png,Valid Claim,0.818228542804718,0.100134439766407,0.0816371068358421,0.818228542804718,YES,0.12945910804062444,Acceptable Match,Camera,Active,237.0,Yes,Yes,23.0,Yes,Yes,0.0,No,No,Not Applicable,Not Applicable,Yes,Yes,Yes,No,No,No,0.729
CLM00398,Valid Claim,Valid Claim,0.9480851735120636,0.0188679167116686,0.0330469097762677,0.9480851735120636,CLM00398_v01.png,Valid Claim,0.874515950679779,0.0509800761938095,0.0745039582252502,0.874515950679779,YES,0.07356922283228451,Strong Match,Laptop,Active,189.0,Yes,Yes,4.0,Yes,Yes,0.0,No,No,Not Applicable,Not Applicable,Yes,Yes,Yes,No,No,No,0.798
CLM00411,Valid Claim,Valid Claim,0.9480851735120636,0.0188679167116686,0.0330469097762677,0.9480851735120636,CLM00411_v01.png,Valid Claim,0.8646740317344666,0.0817925259470939,0.0535334460437297,0.8646740317344666,YES,0.08341114177759701,Strong Match,Camera,Active,103.0,Yes,Yes,12.0,Yes,Yes,0.0,No,No,Not Applicable,Not Applicable,Yes,Yes,Yes,No,No,No,0.871
CLM00429,Invalid Claim,Invalid Claim,0.001297133449315,0.9985662727321482,0.0001365938185369,0.9985662727321482,CLM00429_v01.png,Invalid Claim,0.000512110767886,0.998557984828949,0.0009298697696067,0.998557984828949,YES,8.287903199177826e-06,Strong Match,Refrigerator,Active,168.0,Yes,Yes,50.0,No,Yes,0.0,No,No,Not Applicable,,Yes,Yes,Yes,Yes,No,No,0.775
CLM00450,Valid Claim,Valid Claim,0.9476876508453425,0.019012392289728,0.0332999568649297,0.9476876508453425,CLM00450_v01.png,Valid Claim,0.8413547277450562,0.0448277257382869,0.1138174757361412,0.8413547277450562,YES,0.1063329231002863,Acceptable Match,Refrigerator,Active,293.0,Yes,Yes,17.0,Yes,Yes,0.0,No,No,Not Applicable,,Yes,Yes,Yes,No,No,No,0.738
CLM00465,Valid Claim,Valid Claim,0.9480851735120636,0.0188679167116686,0.0330469097762677,0.9480851735120636,CLM00465_v01.png,Valid Claim,0.8919197916984558,0.0645787343382835,0.0435014627873897,0.8919197916984558,YES,0.05616538181360775,Strong Match,Washing Machine,Active,348.0,Yes,Yes,7.0,Yes,Yes,0.0,No,No,Not Applicable,Not Applicable,Yes,Yes,Yes,No,No,No,0.77
CLM00471,Manual Review,Manual Review,0.014391059829087,0.0193147483509837,0.9662941918199291,0.9662941918199291,CLM00471_v01.png,Manual Review,0.0501704327762126,0.1549306809902191,0.7948989272117615,0.7948989272117615,YES,0.17139526460816767,Acceptable Match,Television,Active,253.0,Yes,Yes,18.0,Yes,No,1.0,Yes,No,Not Applicable,Not Applicable,Yes,Yes,Yes,No,No,No,0.897
CLM00478,Invalid Claim,Invalid Claim,0.00187351920039,0.965386347890925,0.0327401329086848,0.965386347890925,CLM00478_v01.png,Manual Review,0.0054491162300109,0.0237442143261432,0.9708067178726196,0.9708067178726196,NO,0.005420369981694595,Model Disagreement,Refrigerator,Expired,-90.0,Yes,Yes,4.0,Yes,No,1.0,No,No,Not Applicable,,Yes,Yes,Yes,No,No,No,0.855
CLM00485,Invalid Claim,Invalid Claim,0.0569664466081714,0.9383115792519684,0.00472197413986,0.9383115792519684,CLM00485_v01.png,Valid Claim,0.8520495295524597,0.040359478443861,0.1075910180807113,0.8520495295524597,NO,0.08626204969950868,Model Disagreement,Refrigerator,Expired,-14.0,Yes,Yes,13.0,Yes,Yes,0.0,No,No,Not Applicable,,Yes,Yes,Yes,No,No,No,0.968
CLM00494,Invalid Claim,Invalid Claim,0.0001466720033502,0.9978453119472348,0.0020080160494146,0.9978453119472348,CLM00494_v01.png,Invalid Claim,6.98655421729e-05,0.9898148775100708,0.0101152947172522,0.9898148775100708,YES,0.008030434437164002,Strong Match,Smartphone,Expired,-117.0,Yes,No,5.0,Yes,No,1.0,No,Yes,Yes,Yes,Yes,Yes,Yes,No,No,No,0.813
CLM00498,Manual Review,Manual Review,0.014391059829087,0.0193147483509837,0.9662941918199291,0.9662941918199291,CLM00498_v01.png,Manual Review,0.0393434837460517,0.1466818302869796,0.8139746785163879,0.8139746785163879,YES,0.1523195133035412,Acceptable Match,Air Conditioner,Active,88.0,Yes,Yes,14.0,Yes,No,1.0,Yes,No,Not Applicable,Not Applicable,Yes,Yes,Yes,No,No,No,0.77
CLM00503,Valid Claim,Valid Claim,0.9476876508453425,0.019012392289728,0.0332999568649297,0.9476876508453425,CLM00503_v01.png,Valid Claim,0.8909021615982056,0.0475497096776962,0.0615481846034526,0.8909021615982056,YES,0.05678548924713689,Strong Match,Air Conditioner,Active,145.0,Yes,Yes,19.0,Yes,Yes,0.0,No,No,Not Applicable,Not Applicable,Yes,Yes,Yes,No,No,No,0.906
CLM00516,Invalid Claim,Invalid Claim,0.0234478561208629,0.9611919105263008,0.0153602333528362,0.9611919105263008,CLM00516_v01.png,Invalid Claim,0.0011901976540684,0.9972304701805116,0.0015792518388479,0.9972304701805116,YES,0.03603855965421077,Strong Match,Washing Machine,Active,173.0,Yes,No,2.0,Yes,Unknown,0.0,No,No,Not Applicable,,Yes,Yes,Yes,No,No,No,0.93
CLM00520,Invalid Claim,Invalid Claim,0.0204808241556527,0.5684311950457415,0.4110879807986058,0.5684311950457415,CLM00520_v01.png,Invalid Claim,7.57278539822e-05,0.9126389026641846,0.0872853621840477,0.9126389026641846,YES,0.3442077076184431,Uncertain Result,Washing Machine,Active,189.0,Yes,Yes,22.0,Yes,Yes,0.0,No,Yes,No,Yes,Yes,Yes,No,No,No,No,0.893
CLM00531,Manual Review,Manual Review,0.0126212619653138,0.0193494306666342,0.9680293073680518,0.9680293073680518,CLM00531_v01.png,Manual Review,0.0070996321737766,0.2742442190647125,0.7186562418937683,0.7186562418937683,YES,0.2493730654742835,Weak Match,Washing Machine,Active,78.0,Yes,Yes,5.0,Yes,No,1.0,Yes,Yes,Yes,Yes,Yes,Yes,Yes,No,No,No,0.942
CLM00536,Invalid Claim,Invalid Claim,0.0608775652682576,0.9162919416563058,0.0228304930754365,0.9162919416563058,CLM00536_v01.png,Invalid Claim,0.0010306908516213,0.9923896193504332,0.0065797255374491,0.9923896193504332,YES,0.07609767769412745,Strong Match,Television,Active,89.0,Yes,Yes,11.0,Yes,Yes,0.0,No,No,Not Applicable,Not Applicable,No,No,Yes,No,No,No,0.825
CLM00543,Manual Review,Manual Review,0.0145056512714073,0.0193125027292352,0.9661818459993572,0.9661818459993572,CLM00543_v01.png,Valid Claim,0.6318379044532776,0.075952224433422,0.2922099828720093,0.6318379044532776,NO,0.3343439415460796,Model Disagreement,Washing Machine,Active,223.0,Yes,Yes,11.0,Yes,No,1.0,Unknown,No,Not Applicable,Not Applicable,Yes,Yes,Yes,No,No,No,0.903
CLM00547,Invalid Claim,Invalid Claim,0.0310318742859531,0.9637122128671884,0.0052559128468585,0.9637122128671884,CLM00547_v01.png,Invalid Claim,0.0014537480892613,0.9984203577041626,0.0001259111159015,0.9984203577041626,YES,0.03470814483697415,Strong Match,Laptop,Active,148.0,Yes,No,15.0,Yes,Yes,0.0,No,No,Not Applicable,Not Applicable,Yes,Yes,Yes,No,No,No,0.96
CLM00558,Invalid Claim,Invalid Claim,0.1380461848475511,0.8288062250968181,0.0331475900556308,0.8288062250968181,CLM00558_v01.png,Invalid Claim,0.1485695987939834,0.4853232204914093,0.3661072254180908,0.4853232204914093,YES,0.3434830046054088,Uncertain Result,Television,Active,163.0,Yes,Yes,4.0,Yes,Unknown,0.0,Unknown,Yes,Yes,Yes,Yes,Yes,Yes,Yes,No,No,0.855
CLM00572,Invalid Claim,Invalid Claim,0.0027520627871665,0.851409626758267,0.1458383104545663,0.851409626758267,CLM00572_v01.png,Invalid Claim,0.0040190955623984,0.6001882553100586,0.3957927525043487,0.6001882553100586,YES,0.25122137144820844,Weak Match,Camera,Active,318.0,Yes,Yes,5.0,Yes,No,1.0,Yes,No,Not Applicable,Not Applicable,Yes,Yes,Yes,Yes,No,No,0.758
CLM00576,Valid Claim,Valid Claim,0.9406865647930144,0.0215568659490447,0.037756569257941,0.9406865647930144,CLM00576_v01.png,Valid Claim,0.8812525868415833,0.0917279571294784,0.0270194467157125,0.8812525868415833,YES,0.05943397795143113,Strong Match,Camera,Active,40.0,Yes,Yes,9.0,Yes,Yes,0.0,No,Yes,Yes,Yes,Yes,Yes,Yes,No,No,No,0.774
CLM00585,Manual Review,Manual Review,0.0145056512714073,0.0193125027292352,0.9661818459993572,0.9661818459993572,CLM00585_v01.png,Manual Review,0.036063328385353,0.1697055846452713,0.7942310571670532,0.7942310571670532,YES,0.17195078883230397,Acceptable Match,Smartphone,Active,74.0,Yes,Yes,10.0,Yes,No,1.0,Yes,No,Not Applicable,Not Applicable,Yes,Yes,Yes,No,No,No,0.873
CLM00590,Manual Review,Manual Review,0.0509617782705917,0.0274830563972399,0.9215551653321684,0.9215551653321684,CLM00590_v01.png,Valid Claim,0.9101524949073792,0.0596738196909427,0.0301736462861299,0.9101524949073792,NO,0.011402670424789263,Model Disagreement,Television,Active,86.0,Yes,Yes,24.0,Yes,Yes,0.0,No,No,Not Applicable,Not Applicable,Yes,Yes,Yes,No,No,No,0.471
CLM00594,Manual Review,Manual Review,0.0064814714461679,0.0189445193662079,0.974574009187624,0.974574009187624,CLM00594_v01.png,Manual Review,9.20258462429e-05,0.2706339359283447,0.7292739748954773,0.7292739748954773,YES,0.24530003429214675,Weak Match,Air Conditioner,Active,218.0,Yes,Yes,7.0,Yes,No,2.0,Yes,Yes,Yes,No,Yes,Yes,Yes,No,No,No,
CLM00598,Valid Claim,Valid Claim,0.8186018833030062,0.0227239111565176,0.1586742055404762,0.8186018833030062,CLM00598_v01.png,Valid Claim,0.6242071390151978,0.124977208673954,0.2508156299591064,0.6242071390151978,YES,0.19439474428780845,Weak Match,Camera,Nearing Expiry,2.0,Yes,Yes,11.0,Yes,Unknown,0.0,No,No,Not Applicable,Not Applicable,Yes,Yes,Yes,No,No,No,0.861
CLM00607,Valid Claim,Valid Claim,0.9476876508453425,0.019012392289728,0.0332999568649297,0.9476876508453425,CLM00607_v01.png,Valid Claim,0.9015084505081176,0.0473615676164627,0.051130011677742,0.9015084505081176,YES,0.04617920033722489,Strong Match,Refrigerator,Active,178.0,Yes,Yes,15.0,Yes,Yes,0.0,No,No,Not Applicable,Not Applicable,Yes,Yes,Yes,No,No,No,0.949
CLM00625,Invalid Claim,Invalid Claim,0.000159823066524,0.997832187295481,0.0020079896379949,0.997832187295481,CLM00625_v01.png,Invalid Claim,3.70175403077e-05,0.9994966983795166,0.0004662064020521,0.9994966983795166,YES,0.001664511084035647,Strong Match,Television,Expired,-337.0,Yes,No,21.0,Yes,No,1.0,No,No,Not Applicable,Not Applicable,Yes,Yes,Yes,No,No,No,0.873
CLM00627,Invalid Claim,Invalid Claim,0.0196648829798966,0.9649153811096444,0.0154197359104589,0.9649153811096444,CLM00627_v01.png,Invalid Claim,0.0002407723368378,0.9995293617248536,0.0002298127074027,0.9995293617248536,YES,0.03461398061520926,Strong Match,Printer,Nearing Expiry,17.0,Yes,No,20.0,Yes,Unknown,0.0,Unknown,No,Not Applicable,Not Applicable,Yes,Yes,Yes,No,No,No,0.936
CLM00648,Invalid Claim,Invalid Claim,0.000159823066524,0.997832187295481,0.0020079896379949,0.997832187295481,CLM00648_v01.png,Invalid Claim,2.21243644773e-05,0.9991305470466614,0.0008472785702906,0.9991305470466614,YES,0.0012983597511804224,Strong Match,Washing Machine,Expired,-124.0,Yes,No,17.0,Yes,No,1.0,No,No,Not Applicable,Not Applicable,Yes,Yes,Yes,No,No,No,0.832
CLM00651,Manual Review,Manual Review,0.0145056512714073,0.0193125027292352,0.9661818459993572,0.9661818459993572,CLM00651_v01.png,Manual Review,0.0125706251710653,0.0551764070987701,0.9322530031204224,0.9322530031204224,YES,0.03392884287893483,Strong Match,Printer,Active,129.0,Yes,Yes,11.0,Yes,No,1.0,No,No,Not Applicable,Not Applicable,Yes,Yes,Yes,No,Yes,No,0.793
CLM00653,Valid Claim,Valid Claim,0.9457155113693296,0.019729146363554,0.0345553422671162,0.9457155113693296,CLM00653_v01.png,Valid Claim,0.8430634140968323,0.1041864901781082,0.0527501627802848,0.8430634140968323,YES,0.10265209727249736,Acceptable Match,Air Conditioner,Nearing Expiry,22.0,Yes,Yes,2.0,Yes,Yes,0.0,No,No,Not Applicable,Not Applicable,Yes,Yes,Yes,No,No,No,0.759
CLM00682,Invalid Claim,Invalid Claim,0.0017801743796178,0.9808191620449414,0.0174006635754407,0.9808191620449414,CLM00682_v01.png,Invalid Claim,7.54565990064e-05,0.995637595653534,0.0042869113385677,0.995637595653534,YES,0.014818433608592696,Strong Match,Air Conditioner,Active,262.0,Yes,No,9.0,Yes,No,1.0,No,No,Not Applicable,,Yes,Yes,Yes,No,No,No,0.901
CLM00683,Invalid Claim,Invalid Claim,0.0915102125642044,0.90278301084955,0.0057067765862454,0.90278301084955,CLM00683_v01.png,Invalid Claim,0.0041192532517015,0.994889199733734,0.0009915978880599,0.994889199733734,YES,0.09210618888418398,Strong Match,Television,Active,205.0,Yes,Yes,31.0,No,Yes,0.0,No,No,Not Applicable,Not Applicable,Yes,Yes,Yes,No,No,No,0.75
CLM00686,Valid Claim,Valid Claim,0.8042346909559079,0.0245237027332373,0.1712416063108546,0.8042346909559079,CLM00686_v01.png,Valid Claim,0.8047942519187927,0.0635170638561248,0.13168865442276,0.8047942519187927,YES,0.0005595609628847864,Acceptable Match,Smartphone,Nearing Expiry,2.0,Yes,Yes,1.0,Yes,Unknown,0.0,Unknown,Yes,Yes,Yes,Yes,Yes,Yes,No,No,No,0.91
CLM00688,Invalid Claim,Invalid Claim,0.00187351920039,0.965386347890925,0.0327401329086848,0.965386347890925,CLM00688_v01.png,Manual Review,0.0110897198319435,0.114573985338211,0.874336302280426,0.874336302280426,NO,0.09105004561049901,Model Disagreement,Television,Expired,-109.0,Yes,Yes,3.0,Yes,No,1.0,No,No,Not Applicable,Not Applicable,Yes,Yes,Yes,No,No,No,0.77
CLM00690,Invalid Claim,Invalid Claim,0.0310318742859531,0.9637122128671884,0.0052559128468585,0.9637122128671884,CLM00690_v01.png,Invalid Claim,0.0128780212253332,0.9866026639938354,0.0005192878306843,0.9866026639938354,YES,0.022890451126647005,Strong Match,Printer,Not Eligible,,No,No,21.0,Yes,Yes,0.0,No,No,Not Applicable,Not Applicable,Yes,Yes,Yes,No,No,No,0.98
CLM00691,Invalid Claim,Invalid Claim,0.0006996583077234,0.9778491571498318,0.0214511845424445,0.9778491571498318,CLM00691_v01.png,Manual Review,0.0395949967205524,0.219340369105339,0.7410646677017212,0.7410646677017212,NO,0.2367844894481106,Model Disagreement,Air Conditioner,Expired,-138.0,Yes,Yes,21.0,Yes,No,1.0,Unknown,No,Not Applicable,Not Applicable,Unknown,Unknown,Yes,No,No,No,0.721
CLM00692,Invalid Claim,Invalid Claim,0.031274766664886,0.9634706379941064,0.0052545953410078,0.9634706379941064,CLM00692_v01.png,Invalid Claim,0.0012647457187995,0.9984036087989808,0.0003316523216199,0.9984036087989808,YES,0.03493297080487445,Strong Match,Air Conditioner,Active,152.0,Yes,No,4.0,Yes,Yes,0.0,No,No,Not Applicable,Not Applicable,Yes,Yes,Yes,No,No,No,0.912
CLM00695,Manual Review,Manual Review,0.0428765747858906,0.0281069624167223,0.929016462797387,0.929016462797387,CLM00695_v01.png,Manual Review,0.0206683743745088,0.2169627994298935,0.76236891746521,0.76236891746521,YES,0.16664754533217707,Acceptable Match,Camera,Nearing Expiry,25.0,Yes,Yes,14.0,Yes,Yes,0.0,No,No,Not Applicable,Not Applicable,Unknown,Unknown,Yes,No,No,No,0.827
CLM00706,Invalid Claim,Invalid Claim,0.0002590202865301,0.9994521019826405,0.0002888777308293,0.9994521019826405,CLM00706_v01.png,Invalid Claim,0.0010236442321911,0.938570499420166,0.0604058019816875,0.938570499420166,YES,0.060881602562474435,Strong Match,Refrigerator,Expired,-98.0,Yes,Yes,19.0,Yes,Yes,0.0,No,Yes,Yes,Yes,No,No,Yes,No,No,No,
CLM00710,Manual Review,Manual Review,0.1079234612592047,0.0079805494214409,0.8840959893193543,0.8840959893193543,CLM00710_v01.png,Manual Review,0.0495575517416,0.1742316782474517,0.7762107253074646,0.7762107253074646,YES,0.10788526401188969,Acceptable Match,Smartphone,Active,193.0,Yes,Yes,11.0,Yes,Yes,0.0,No,No,Not Applicable,,Yes,Yes,No,No,No,No,0.789
CLM00711,Invalid Claim,Invalid Claim,0.0025307064192815,0.9098139264338708,0.0876553671468476,0.9098139264338708,CLM00711_v01.png,Valid Claim,0.8643407225608826,0.0949276983737945,0.0407316237688064,0.8643407225608826,NO,0.045473203872988255,Model Disagreement,Refrigerator,Expired,-297.0,Yes,Yes,13.0,Yes,Yes,0.0,No,No,Not Applicable,Not Applicable,Yes,Yes,Yes,No,No,No,0.65
CLM00712,Invalid Claim,Invalid Claim,0.031274766664886,0.9634706379941064,0.0052545953410078,0.9634706379941064,CLM00712_v01.png,Invalid Claim,0.001345198135823,0.99853253364563,0.0001222543651238,0.99853253364563,YES,0.03506189565152362,Strong Match,Television,Active,192.0,Yes,No,8.0,Yes,Yes,0.0,No,No,Not Applicable,Not Applicable,Yes,Yes,Yes,No,No,No,0.842
CLM00719,Invalid Claim,Invalid Claim,0.0876661835128808,0.9066028932177846,0.0057309232693345,0.9066028932177846,CLM00719_v01.png,Invalid Claim,0.0047167176380753,0.9942617416381836,0.0010215259389951,0.9942617416381836,YES,0.08765884842039895,Strong Match,Laptop,Nearing Expiry,25.0,Yes,Yes,38.0,No,Yes,0.0,No,No,Not Applicable,Not Applicable,Yes,Yes,Yes,No,No,No,0.727
CLM00721,Invalid Claim,Invalid Claim,0.0087561775672143,0.9837667555235308,0.0074770669092546,0.9837667555235308,CLM00721_v01.png,Invalid Claim,3.95224960811e-05,0.9993736147880554,0.0005868194857612,0.9993736147880554,YES,0.015606859264524653,Strong Match,Camera,Active,227.0,Yes,No,1.0,Yes,Yes,0.0,No,No,Not Applicable,Not Applicable,Yes,Yes,No,No,No,No,0.907
CLM00726,Invalid Claim,Invalid Claim,0.0015463229148071,0.9810489370823348,0.0174047400028581,0.9810489370823348,CLM00726_v01.png,Invalid Claim,0.0012782705016434,0.9898647665977478,0.0088569158688187,0.9898647665977478,YES,0.008815829515413043,Strong Match,Printer,Active,140.0,Yes,No,7.0,Yes,No,1.0,Yes,Yes,Yes,,Yes,Yes,Yes,No,No,No,0.755
CLM00728,Invalid Claim,Invalid Claim,0.031274766664886,0.9634706379941064,0.0052545953410078,0.9634706379941064,CLM00728_v01.png,Invalid Claim,0.0007153680198825,0.9991862177848816,9.83475038083e-05,0.9991862177848816,YES,0.03571557979077522,Strong Match,Smartphone,Active,111.0,Yes,No,11.0,Yes,Yes,0.0,No,No,Not Applicable,Not Applicable,Yes,Yes,Yes,No,No,No,0.779
CLM00732,Invalid Claim,Invalid Claim,0.0016668956837507,0.9042615447475388,0.0940715595687104,0.9042615447475388,CLM00732_v01.png,Invalid Claim,0.0004322581226006,0.9205115437507628,0.0790561884641647,0.9205115437507628,YES,0.01624999900322399,Strong Match,Television,Active,191.0,Yes,Yes,36.0,No,No,1.0,No,Yes,Yes,No,Yes,Yes,Yes,No,No,No,0.927
CLM00736,Manual Review,Manual Review,0.014391059829087,0.0193147483509837,0.9662941918199291,0.9662941918199291,CLM00736_v01.png,Manual Review,0.0406638942658901,0.1809575259685516,0.7783786058425903,0.7783786058425903,YES,0.18791558597733882,Acceptable Match,Printer,Active,240.0,Yes,Yes,13.0,Yes,No,1.0,Yes,No,Not Applicable,Not Applicable,Yes,Yes,Yes,No,No,No,0.817
CLM00738,Invalid Claim,Invalid Claim,0.0019600587780057,0.971475515266624,0.0265644259553703,0.971475515266624,CLM00738_v01.png,Manual Review,0.0227384306490421,0.4357078671455383,0.5415537357330322,0.5415537357330322,NO,0.4299217795335918,Model Disagreement,Washing Machine,Expired,-326.0,Yes,Yes,28.0,Yes,Unknown,0.0,No,No,Not Applicable,Not Applicable,Unknown,Unknown,Yes,No,No,No,0.861
CLM00746,Valid Claim,Valid Claim,0.940235960625926,0.0217206334595945,0.0380434059144795,0.940235960625926,CLM00746_v01.png,Valid Claim,0.9055989980697632,0.0699641555547714,0.0244367960840463,0.9055989980697632,YES,0.034636962556162776,Strong Match,Camera,Active,311.0,Yes,Yes,22.0,Yes,Yes,0.0,No,Yes,Yes,Yes,Yes,Yes,Yes,No,No,No,0.734
CLM00754,Invalid Claim,Invalid Claim,0.1168923205239213,0.8731243989361235,0.009983280539955,0.8731243989361235,CLM00754_v01.png,Invalid Claim,0.0051807565614581,0.8759878873825073,0.1188313513994216,0.8759878873825073,YES,0.002863488446383844,Strong Match,Laptop,Active,174.0,Yes,Yes,18.0,Yes,Yes,0.0,No,Yes,No,Yes,Yes,Yes,Yes,No,No,No,0.896
CLM00756,Manual Review,Manual Review,0.0120120618449444,0.0193613690192005,0.9686265691358548,0.9686265691358548,CLM00756_v01.png,Manual Review,0.027577094733715,0.432837426662445,0.5395854711532593,0.5395854711532593,YES,0.4290410979825955,Uncertain Result,Washing Machine,Nearing Expiry,20.0,Yes,Yes,29.0,Yes,No,1.0,Yes,No,Not Applicable,Not Applicable,Yes,Yes,Yes,No,No,No,0.737
CLM00764,Invalid Claim,Invalid Claim,0.0089714732707378,0.989754097177555,0.0012744295517071,0.989754097177555,CLM00764_v01.png,Invalid Claim,0.1851379573345184,0.7668647766113281,0.0479972399771213,0.7668647766113281,YES,0.2228893205662269,Weak Match,Laptop,Expired,-36.0,Yes,Yes,9.0,Yes,Yes,0.0,No,No,Not Applicable,Not Applicable,Yes,Yes,Yes,Yes,No,No,0.745
CLM00765,Invalid Claim,Invalid Claim,0.0045525748474108,0.9228138279969996,0.0726335971555895,0.9228138279969996,CLM00765_v01.png,Invalid Claim,0.004884734749794,0.993032693862915,0.0020825355313718,0.993032693862915,YES,0.07021886586591541,Strong Match,Smartphone,Active,178.0,Yes,Yes,53.0,No,Yes,0.0,No,No,Not Applicable,Not Applicable,Yes,Yes,Yes,No,No,Yes,0.893
CLM00781,Valid Claim,Valid Claim,0.9480851735120636,0.0188679167116686,0.0330469097762677,0.9480851735120636,CLM00781_v01.png,Valid Claim,0.8903870582580566,0.0596174113452434,0.0499955117702484,0.8903870582580566,YES,0.05769811525400692,Strong Match,Air Conditioner,Active,56.0,Yes,Yes,8.0,Yes,Yes,0.0,No,No,Not Applicable,Not Applicable,Yes,Yes,Yes,No,No,No,0.855
CLM00782,Valid Claim,Valid Claim,0.9457155113693296,0.019729146363554,0.0345553422671162,0.9457155113693296,CLM00782_v01.png,Valid Claim,0.8778704404830933,0.0596324168145656,0.0624970756471157,0.8778704404830933,YES,0.06784507088623637,Strong Match,Refrigerator,Nearing Expiry,11.0,Yes,Yes,6.0,Yes,Yes,0.0,No,No,Not Applicable,Not Applicable,Yes,Yes,Yes,No,No,No,0.77
CLM00785,Valid Claim,Valid Claim,0.948234338709258,0.0188137041348897,0.0329519571558523,0.948234338709258,CLM00785_v01.png,Valid Claim,0.838969349861145,0.1094991639256477,0.0515314750373363,0.838969349861145,YES,0.10926498884811298,Acceptable Match,Smartphone,Active,63.0,Yes,Yes,4.0,Yes,Yes,0.0,No,No,Not Applicable,Not Applicable,Yes,Yes,Yes,No,No,No,0.984
CLM00792,Manual Review,Manual Review,0.014391059829087,0.0193147483509837,0.9662941918199291,0.9662941918199291,CLM00792_v01.png,Manual Review,0.0097039630636572,0.0391662158071994,0.951129913330078,0.951129913330078,YES,0.015164278489851135,Strong Match,Television,Active,121.0,Yes,Yes,13.0,Yes,No,1.0,No,No,Not Applicable,Not Applicable,Yes,Yes,Yes,No,No,No,0.792
CLM00802,Invalid Claim,Invalid Claim,0.0003306248132779,0.9942740721195532,0.005395303067169,0.9942740721195532,CLM00802_v01.png,Invalid Claim,0.0005149756325408,0.988916277885437,0.0105687733739614,0.988916277885437,YES,0.005357794234116198,Strong Match,Air Conditioner,Active,337.0,Yes,No,65.0,No,Unknown,0.0,Unknown,No,Not Applicable,,Yes,Yes,Yes,No,No,No,0.591
CLM00814,Manual Review,Manual Review,0.014391059829087,0.0193147483509837,0.9662941918199291,0.9662941918199291,CLM00814_v01.png,Manual Review,0.0378380194306373,0.1283549517393112,0.8338069915771484,0.8338069915771484,YES,0.1324872002427807,Acceptable Match,Smartphone,Active,350.0,Yes,Yes,19.0,Yes,No,1.0,Yes,No,Not Applicable,Not Applicable,Yes,Yes,Yes,No,No,No,0.921
CLM00828,Invalid Claim,Invalid Claim,0.0018385972367676,0.9653540305333764,0.0328073722298561,0.9653540305333764,CLM00828_v01.png,Invalid Claim,0.0018114208942279,0.9979952573776244,0.0001932806626427,0.9979952573776244,YES,0.03264122684424797,Strong Match,Refrigerator,Active,214.0,Yes,No,18.0,Yes,Yes,0.0,No,No,Not Applicable,,Yes,Yes,Yes,No,No,No,0.595
CLM00834,Valid Claim,Valid Claim,0.9480851735120636,0.0188679167116686,0.0330469097762677,0.9480851735120636,CLM00834_v01.png,Valid Claim,0.8197687864303589,0.1295695155858993,0.0506616942584514,0.8197687864303589,YES,0.12831638708170467,Acceptable Match,Washing Machine,Active,299.0,Yes,Yes,11.0,Yes,Yes,0.0,No,No,Not Applicable,Not Applicable,Yes,Yes,Yes,No,No,No,0.831
CLM00845,Invalid Claim,Invalid Claim,0.1598072445034467,0.8306561031337546,0.0095366523627984,0.8306561031337546,CLM00845_v01.png,Invalid Claim,0.0607199482619762,0.8859393000602722,0.0533408150076866,0.8859393000602722,YES,0.05528319692651762,Acceptable Match,Camera,Active,219.0,Yes,Yes,17.0,Yes,Yes,0.0,No,Yes,Yes,Yes,Yes,Yes,Yes,Yes,No,No,0.854
CLM00850,Valid Claim,Valid Claim,0.9406865647930144,0.0215568659490447,0.037756569257941,0.9406865647930144,CLM00850_v01.png,Valid Claim,0.9286743998527528,0.006791288498789,0.0645342767238617,0.9286743998527528,YES,0.012012164940261583,Strong Match,Laptop,Active,192.0,Yes,Yes,,Unknown,Yes,0.0,No,Yes,Yes,Yes,Yes,Yes,Yes,No,No,No,0.826
CLM00858,Valid Claim,Valid Claim,0.9476876508453425,0.019012392289728,0.0332999568649297,0.9476876508453425,CLM00858_v01.png,Valid Claim,0.8898891806602478,0.0540310591459274,0.056079726666212,0.8898891806602478,YES,0.05779847018509465,Strong Match,Air Conditioner,Active,358.0,Yes,Yes,15.0,Yes,Yes,0.0,No,No,Not Applicable,Not Applicable,Yes,Yes,Yes,No,No,No,0.933
CLM00860,Valid Claim,Valid Claim,0.9457155113693296,0.019729146363554,0.0345553422671162,0.9457155113693296,CLM00860_v01.png,Valid Claim,0.9065632224082948,0.0483590885996818,0.045077696442604,0.9065632224082948,YES,0.03915228896103484,Strong Match,Refrigerator,Nearing Expiry,13.0,Yes,Yes,10.0,Yes,Yes,0.0,No,No,Not Applicable,Not Applicable,Yes,Yes,Yes,No,No,No,0.728
CLM00864,Valid Claim,Valid Claim,0.9453008905677032,0.0198798360851855,0.0348192733471111,0.9453008905677032,CLM00864_v01.png,Valid Claim,0.9018740057945251,0.0685160383582115,0.0296099074184894,0.9018740057945251,YES,0.04342688477317802,Strong Match,Television,Nearing Expiry,28.0,Yes,Yes,14.0,Yes,Yes,0.0,No,No,Not Applicable,Not Applicable,Yes,Yes,Yes,No,No,No,0.824
CLM00872,Invalid Claim,Invalid Claim,0.0022642210623772,0.997349754057768,0.0003860248798546,0.997349754057768,CLM00872_v01.png,Invalid Claim,0.001144012901932,0.998509168624878,0.0003468011273071,0.998509168624878,YES,0.0011594145671099954,Strong Match,Printer,Expired,-142.0,Yes,Yes,33.0,No,Yes,0.0,No,No,Not Applicable,Not Applicable,Yes,Yes,Yes,No,No,No,0.883
CLM00875,Valid Claim,Valid Claim,0.9480851735120636,0.0188679167116686,0.0330469097762677,0.9480851735120636,CLM00875_v01.png,Valid Claim,0.8797663450241089,0.0516590997576713,0.0685745552182197,0.8797663450241089,YES,0.06831882848795467,Strong Match,Refrigerator,Active,362.0,Yes,Yes,6.0,Yes,Yes,0.0,No,No,Not Applicable,Not Applicable,Yes,Yes,Yes,No,No,No,0.895
CLM00882,Manual Review,Manual Review,0.0017845812790704,0.0077859690901437,0.9904294496307858,0.9904294496307858,CLM00882_v01.png,Manual Review,3.56459422619e-05,0.0687208622694015,0.9312435388565063,0.9312435388565063,YES,0.05918591077427948,Strong Match,Television,Active,146.0,Yes,Yes,15.0,Yes,No,1.0,No,Yes,Yes,No,Unknown,Unknown,Yes,No,No,No,0.878
CLM00897,Manual Review,Manual Review,0.0022770313615467,0.008288764556493,0.98943420408196,0.98943420408196,CLM00897_v01.png,Manual Review,0.0088488217443227,0.042698610574007,0.9484524726867676,0.9484524726867676,YES,0.040981731395192456,Strong Match,Laptop,Active,270.0,Yes,Yes,16.0,Yes,No,1.0,No,No,Not Applicable,Not Applicable,Yes,Yes,Yes,No,No,No,0.607
CLM00901,Valid Claim,Valid Claim,0.9476876508453425,0.019012392289728,0.0332999568649297,0.9476876508453425,CLM00901_v01.png,Valid Claim,0.862999439239502,0.0835287049412727,0.0534719042479991,0.862999439239502,YES,0.0846882116058405,Strong Match,Washing Machine,Active,193.0,Yes,Yes,16.0,Yes,Yes,0.0,No,No,Not Applicable,Not Applicable,Yes,Yes,Yes,No,No,No,0.784
CLM00902,Manual Review,Manual Review,0.0451992299580871,0.0280387551407199,0.9267620149011928,0.9267620149011928,CLM00902_v01.png,Manual Review,0.0365630835294723,0.2502388656139374,0.7131980061531067,0.7131980061531067,YES,0.21356400874808612,Weak Match,Refrigerator,Active,65.0,Yes,Yes,12.0,Yes,Yes,0.0,No,No,Not Applicable,Not Applicable,Unknown,Unknown,Yes,No,No,No,0.863
CLM00910,Invalid Claim,Invalid Claim,0.0022642210623772,0.997349754057768,0.0003860248798546,0.997349754057768,CLM00910_v01.png,Invalid Claim,0.0016803762409836,0.9977986812591552,0.0005209365626797,0.9977986812591552,YES,0.00044892720138711706,Strong Match,Smartphone,Expired,-163.0,Yes,Yes,35.0,No,Yes,0.0,No,No,Not Applicable,Not Applicable,Yes,Yes,Yes,No,No,No,0.933
CLM00919,Invalid Claim,Invalid Claim,5.283099248683028e-05,0.9992241051088964,0.0007230638986168,0.9992241051088964,CLM00919_v01.png,Invalid Claim,0.0007196841761469,0.9880518913269044,0.0112283956259489,0.9880518913269044,YES,0.011172213781991958,Strong Match,Camera,Expired,-90.0,Yes,Yes,4.0,Yes,Yes,0.0,No,No,Not Applicable,Not Applicable,No,No,Yes,No,No,Yes,0.783
CLM00921,Invalid Claim,Invalid Claim,0.0799658101901189,0.9142548958149848,0.0057792939948962,0.9142548958149848,CLM00921_v01.png,Invalid Claim,0.007082481868565,0.9913512468338012,0.0015663101803511,0.9913512468338012,YES,0.0770963510188164,Strong Match,Laptop,Active,111.0,Yes,Yes,31.0,No,Yes,0.0,No,No,Not Applicable,Not Applicable,Yes,Yes,Yes,No,No,No,0.848
CLM00923,Valid Claim,Valid Claim,0.9480851735120636,0.0188679167116686,0.0330469097762677,0.9480851735120636,CLM00923_v01.png,Valid Claim,0.8630616068840027,0.1061864718794822,0.0307520199567079,0.8630616068840027,YES,0.08502356662806088,Strong Match,Printer,Active,98.0,Yes,Yes,9.0,Yes,Yes,0.0,No,No,Not Applicable,Not Applicable,Yes,Yes,Yes,No,No,No,0.741
CLM00927,Manual Review,Manual Review,0.0135714269996414,0.0180139468359465,0.968414626164412,0.968414626164412,CLM00927_v01.png,Manual Review,0.04092738032341,0.1736093461513519,0.785463273525238,0.785463273525238,YES,0.18295135263917395,Acceptable Match,Printer,Active,161.0,Yes,Yes,10.0,Yes,No,1.0,Yes,No,Not Applicable,Not Applicable,Yes,Yes,Yes,No,No,No,0.991
CLM00944,Invalid Claim,Invalid Claim,0.0934753485114587,0.8949129861315972,0.0116116653569442,0.8949129861315972,CLM00944_v01.png,Invalid Claim,0.0017363739898428,0.9222581386566162,0.0760054886341095,0.9222581386566162,YES,0.027345152525019012,Strong Match,Refrigerator,Nearing Expiry,4.0,Yes,Yes,8.0,Yes,Yes,0.0,No,Yes,No,Yes,Yes,Yes,Yes,No,No,No,
CLM00946,Valid Claim,Valid Claim,0.940235960625926,0.0217206334595945,0.0380434059144795,0.940235960625926,CLM00946_v01.png,Valid Claim,0.8206443190574646,0.1182837635278701,0.0610719695687294,0.8206443190574646,YES,0.11959164156846136,Acceptable Match,Camera,Active,269.0,Yes,Yes,25.0,Yes,Yes,0.0,No,Yes,Yes,Yes,Yes,Yes,Yes,No,No,No,0.965
CLM00951,Valid Claim,Valid Claim,0.9480851735120636,0.0188679167116686,0.0330469097762677,0.9480851735120636,CLM00951_v01.png,Valid Claim,0.8908079266548157,0.0636316984891891,0.0455603897571563,0.8908079266548157,YES,0.05727724685724789,Strong Match,Air Conditioner,Active,34.0,Yes,Yes,9.0,Yes,Yes,0.0,No,No,Not Applicable,Not Applicable,Yes,Yes,Yes,No,No,No,0.922
CLM00956,Invalid Claim,Invalid Claim,0.031274766664886,0.9634706379941064,0.0052545953410078,0.9634706379941064,CLM00956_v01.png,Invalid Claim,0.001630179467611,0.9982162714004515,0.0001536339987069,0.9982162714004515,YES,0.03474563340634518,Strong Match,Camera,Active,358.0,Yes,No,3.0,Yes,Yes,0.0,No,No,Not Applicable,Not Applicable,Yes,Yes,Yes,No,No,No,0.968
CLM00960,Valid Claim,Valid Claim,0.9476876508453425,0.019012392289728,0.0332999568649297,0.9476876508453425,CLM00960_v01.png,Valid Claim,0.9022383689880372,0.0631756857037544,0.0345859453082084,0.9022383689880372,YES,0.045449281857305235,Strong Match,Laptop,Active,73.0,Yes,Yes,14.0,Yes,Yes,0.0,No,No,Not Applicable,Not Applicable,Yes,Yes,Yes,No,No,No,0.916
CLM00961,Invalid Claim,Invalid Claim,0.0015970833697892,0.9655876063701816,0.0328153102600291,0.9655876063701816,CLM00961_v01.png,Invalid Claim,0.0051313354633748,0.994106650352478,0.0007619485841132,0.994106650352478,YES,0.028519043982296433,Strong Match,Laptop,Active,268.0,Yes,No,15.0,Yes,Yes,0.0,No,Yes,Yes,Yes,Yes,Yes,Yes,No,No,No,0.458
CLM00966,Invalid Claim,Invalid Claim,0.1168923205239213,0.8731243989361235,0.009983280539955,0.8731243989361235,CLM00966_v01.png,Invalid Claim,0.0029837985057383,0.8789941668510437,0.1180220171809196,0.8789941668510437,YES,0.005869767914920221,Strong Match,Camera,Active,134.0,Yes,Yes,23.0,Yes,Yes,0.0,No,Yes,No,Yes,Yes,Yes,Yes,No,No,No,0.961
CLM00971,Manual Review,Manual Review,0.0448994312237847,0.0276586150017009,0.9274419537745144,0.9274419537745144,CLM00971_v01.png,Valid Claim,0.8612709045410156,0.115694560110569,0.0230345297604799,0.8612709045410156,NO,0.06617104923349881,Model Disagreement,Laptop,Nearing Expiry,22.0,Yes,Yes,7.0,Yes,Yes,0.0,No,Yes,Yes,Yes,Yes,Yes,Yes,No,No,No,0.477
CLM00987,Manual Review,Manual Review,0.0126212619653138,0.0193494306666342,0.9680293073680518,0.9680293073680518,CLM00987_v01.png,Manual Review,0.0020290780812501,0.04625104367733,0.9517198204994202,0.9517198204994202,YES,0.01630948686863165,Strong Match,Air Conditioner,Active,233.0,Yes,Yes,5.0,Yes,No,1.0,No,Yes,Yes,Yes,Yes,Yes,Yes,No,No,No,0.903
CLM00988,Valid Claim,Valid Claim,0.9476876508453425,0.019012392289728,0.0332999568649297,0.9476876508453425,CLM00988_v01.png,Valid Claim,0.8735402822494507,0.0880844518542289,0.0383753031492233,0.8735402822494507,YES,0.07414736859589177,Strong Match,Printer,Active,100.0,Yes,Yes,18.0,Yes,Yes,0.0,No,No,Not Applicable,Not Applicable,Yes,Yes,Yes,No,No,No,0.891
CLM00990,Valid Claim,Valid Claim,0.9480851735120636,0.0188679167116686,0.0330469097762677,0.9480851735120636,CLM00990_v01.png,Valid Claim,0.9048763513565063,0.0423371046781539,0.0527866184711456,0.9048763513565063,YES,0.043208822155557214,Strong Match,Refrigerator,Active,156.0,Yes,Yes,0.0,Yes,Yes,0.0,No,No,Not Applicable,Not Applicable,Yes,Yes,Yes,No,No,No,0.94
CLM00994,Valid Claim,Valid Claim,0.9480851735120636,0.0188679167116686,0.0330469097762677,0.9480851735120636,CLM00994_v01.png,Valid Claim,0.8140936493873596,0.1411460489034652,0.0447602644562721,0.8140936493873596,YES,0.13399152412470394,Acceptable Match,Printer,Active,55.0,Yes,Yes,9.0,Yes,Yes,0.0,No,No,Not Applicable,Not Applicable,Yes,Yes,Yes,No,No,No,0.936
CLM00998,Valid Claim,Valid Claim,0.940235960625926,0.0217206334595945,0.0380434059144795,0.940235960625926,CLM00998_v01.png,Valid Claim,0.914573609828949,0.0667597874999046,0.0186666175723075,0.914573609828949,YES,0.025662350796976985,Strong Match,Refrigerator,Active,86.0,Yes,Yes,16.0,Yes,Yes,0.0,No,Yes,Yes,Yes,Yes,Yes,Yes,No,No,No,0.894
CLM00999,Manual Review,Manual Review,0.0145056512714073,0.0193125027292352,0.9661818459993572,0.9661818459993572,CLM00999_v01.png,Manual Review,0.0108376611024141,0.043929323554039,0.9452331066131592,0.9452331066131592,YES,0.020948739386198012,Strong Match,Laptop,Active,111.0,Yes,Yes,8.0,Yes,No,1.0,No,No,Not Applicable,Not Applicable,Yes,Yes,Yes,No,No,No,0.971
CLM01017,Manual Review,Manual Review,0.107327902731055,0.0192218532277339,0.873450244041211,0.873450244041211,CLM01017_v01.png,Invalid Claim,0.0472844056785106,0.665596604347229,0.287119060754776,0.665596604347229,NO,0.20785363969398196,Model Disagreement,Washing Machine,Active,42.0,Yes,Yes,5.0,Yes,Yes,0.0,No,Yes,Unknown,Yes,Yes,Yes,Yes,No,No,No,0.888
CLM01020,Valid Claim,Valid Claim,0.9476876508453425,0.019012392289728,0.0332999568649297,0.9476876508453425,CLM01020_v01.png,Valid Claim,0.8390375375747681,0.128186896443367,0.0327756367623806,0.8390375375747681,YES,0.10865011327057439,Acceptable Match,Printer,Active,66.0,Yes,Yes,15.0,Yes,Yes,0.0,No,No,Not Applicable,Not Applicable,Yes,Yes,Yes,No,No,No,0.745
CLM01036,Valid Claim,Valid Claim,0.9406865647930144,0.0215568659490447,0.037756569257941,0.9406865647930144,CLM01036_v01.png,Valid Claim,0.9223145842552184,0.0466858781874179,0.0309995021671056,0.9223145842552184,YES,0.018371980537795984,Strong Match,Laptop,Active,188.0,Yes,Yes,10.0,Yes,Yes,0.0,No,Yes,Yes,Yes,Yes,Yes,Yes,No,No,No,0.85
CLM01049,Valid Claim,Valid Claim,0.9476876508453425,0.019012392289728,0.0332999568649297,0.9476876508453425,CLM01049_v01.png,Valid Claim,0.8512306213378906,0.0870928391814231,0.0616764947772026,0.8512306213378906,YES,0.09645702950745183,Strong Match,Washing Machine,Active,167.0,Yes,Yes,15.0,Yes,Yes,0.0,No,No,Not Applicable,Not Applicable,Yes,Yes,Yes,No,No,No,0.729
CLM01054,Valid Claim,Valid Claim,0.7825008911271463,0.0272463160954658,0.1902527927773879,0.7825008911271463,CLM01054_v01.png,Valid Claim,0.6910724639892578,0.0086476439610123,0.3002799153327942,0.6910724639892578,YES,0.09142842713788846,Weak Match,Air Conditioner,Active,270.0,Yes,Yes,24.0,Yes,Unknown,0.0,No,Yes,Yes,,Yes,Yes,Yes,No,No,No,0.914
CLM01061,Valid Claim,Valid Claim,0.9480851735120636,0.0188679167116686,0.0330469097762677,0.9480851735120636,CLM01061_v01.png,Valid Claim,0.8973554372787476,0.0526127517223358,0.0500317402184009,0.8973554372787476,YES,0.050729736233316,Strong Match,Laptop,Active,144.0,Yes,Yes,1.0,Yes,Yes,0.0,No,No,Not Applicable,Not Applicable,Yes,Yes,Yes,No,No,No,0.952
CLM01074,Valid Claim,Valid Claim,0.9476876508453425,0.019012392289728,0.0332999568649297,0.9476876508453425,CLM01074_v01.png,Valid Claim,0.8068035840988159,0.1222227588295936,0.0709736943244934,0.8068035840988159,YES,0.14088406674652654,Acceptable Match,Camera,Active,250.0,Yes,Yes,19.0,Yes,Yes,0.0,No,No,Not Applicable,Not Applicable,Yes,Yes,Yes,No,No,No,0.798
CLM01077,Valid Claim,Valid Claim,0.9476876508453425,0.019012392289728,0.0332999568649297,0.9476876508453425,CLM01077_v01.png,Valid Claim,0.8489585518836975,0.1170974895358085,0.0339439325034618,0.8489585518836975,YES,0.09872909896164495,Acceptable Match,Printer,Active,89.0,Yes,Yes,19.0,Yes,Yes,0.0,No,No,Not Applicable,Not Applicable,Yes,Yes,Yes,No,No,No,0.749
CLM01086,Manual Review,Manual Review,0.014391059829087,0.0193147483509837,0.9662941918199291,0.9662941918199291,CLM01086_v01.png,Manual Review,0.06319560110569,0.1537550538778305,0.7830493450164795,0.7830493450164795,YES,0.18324484680344966,Acceptable Match,Television,Active,83.0,Yes,Yes,14.0,Yes,No,1.0,Yes,No,Not Applicable,Not Applicable,Yes,Yes,Yes,No,No,No,0.751
CLM01096,Manual Review,Manual Review,0.0491040841357732,0.0275368530847779,0.9233590627794488,0.9233590627794488,CLM01096_v01.png,Valid Claim,0.91844642162323,0.0565897338092327,0.0249638836830854,0.91844642162323,NO,0.004912641156218811,Model Disagreement,Television,Nearing Expiry,8.0,Yes,Yes,12.0,Yes,Yes,0.0,No,No,Not Applicable,Not Applicable,Yes,Yes,Yes,No,No,No,0.455
CLM01097,Valid Claim,Valid Claim,0.9476876508453425,0.019012392289728,0.0332999568649297,0.9476876508453425,CLM01097_v01.png,Valid Claim,0.863118588924408,0.0769009217619896,0.05998045951128,0.863118588924408,YES,0.0845690619209345,Strong Match,Camera,Active,149.0,Yes,Yes,15.0,Yes,Yes,0.0,No,No,Not Applicable,Not Applicable,Yes,Yes,Yes,No,No,No,0.778
CLM01103,Valid Claim,Valid Claim,0.948234338709258,0.0188137041348897,0.0329519571558523,0.948234338709258,CLM01103_v01.png,Valid Claim,0.843184769153595,0.0743696242570877,0.0824456363916397,0.843184769153595,YES,0.10504956955566302,Acceptable Match,Washing Machine,Active,153.0,Yes,Yes,4.0,Yes,Yes,0.0,No,No,Not Applicable,Not Applicable,Yes,Yes,Yes,No,No,No,0.983
CLM01104,Manual Review,Manual Review,0.0513523985225562,0.02747174448359,0.9211758569938538,0.9211758569938538,CLM01104_v01.png,Valid Claim,0.8978514671325684,0.0672961324453353,0.0348524376749992,0.8978514671325684,NO,0.02332438986128549,Model Disagreement,Refrigerator,Active,66.0,Yes,Yes,1.0,Yes,Yes,0.0,No,No,Not Applicable,Not Applicable,Yes,Yes,Yes,No,No,No,0.605
CLM01110,Valid Claim,Valid Claim,0.9480851735120636,0.0188679167116686,0.0330469097762677,0.9480851735120636,CLM01110_v01.png,Valid Claim,0.8933467268943787,0.0492708049714565,0.0573824718594551,0.8933467268943787,YES,0.0547384466176849,Strong Match,Laptop,Unknown,,Yes,Yes,,Unknown,Yes,0.0,No,No,Not Applicable,Not Applicable,Yes,Yes,Yes,No,No,No,0.804
CLM01114,Manual Review,Manual Review,0.0125213676425293,0.0193513882723616,0.968127244085109,0.968127244085109,CLM01114_v01.png,Manual Review,0.0003797690733335,0.1620003581047058,0.8376199007034302,0.8376199007034302,YES,0.1305073433816788,Acceptable Match,Air Conditioner,Nearing Expiry,3.0,Yes,Yes,16.0,Yes,No,1.0,No,Yes,Yes,No,Yes,Yes,Yes,No,No,No,0.857
CLM01119,Valid Claim,Valid Claim,0.940235960625926,0.0217206334595945,0.0380434059144795,0.940235960625926,CLM01119_v01.png,Valid Claim,0.8924103379249573,0.0732702910900116,0.0343193933367729,0.8924103379249573,YES,0.047825622700968684,Strong Match,Camera,Active,186.0,Yes,Yes,16.0,Yes,Yes,0.0,No,Yes,Yes,Yes,Yes,Yes,Yes,No,No,No,0.819
CLM01121,Valid Claim,Valid Claim,0.9457155113693296,0.019729146363554,0.0345553422671162,0.9457155113693296,CLM01121_v01.png,Valid Claim,0.8549574017524719,0.0924462750554084,0.0525962375104427,0.8549574017524719,YES,0.09075810961685771,Strong Match,Refrigerator,Nearing Expiry,26.0,Yes,Yes,6.0,Yes,Yes,0.0,No,No,Not Applicable,Not Applicable,Yes,Yes,Yes,No,No,No,0.732
CLM01123,Valid Claim,Valid Claim,0.9480851735120636,0.0188679167116686,0.0330469097762677,0.9480851735120636,CLM01123_v01.png,Valid Claim,0.8628851175308228,0.0992335900664329,0.0378813110291957,0.8628851175308228,YES,0.08520005598124081,Strong Match,Smartphone,Active,48.0,Yes,Yes,10.0,Yes,Yes,0.0,No,No,Not Applicable,Not Applicable,Yes,Yes,Yes,No,No,No,0.885
CLM01138,Manual Review,Manual Review,0.0321430068941025,0.0238103745126046,0.9440466185932928,0.9440466185932928,CLM01138_v01.png,Manual Review,0.019749766215682,0.1517991423606872,0.8284511566162109,0.8284511566162109,YES,0.11559546197708181,Acceptable Match,Air Conditioner,Active,122.0,Yes,Yes,29.0,Yes,Unknown,0.0,No,No,Not Applicable,Not Applicable,Unknown,Unknown,Yes,No,No,No,0.792
CLM01145,Valid Claim,Valid Claim,0.9457155113693296,0.019729146363554,0.0345553422671162,0.9457155113693296,CLM01145_v01.png,Valid Claim,0.8994531631469727,0.0563764981925487,0.0441702716052532,0.8994531631469727,YES,0.046262348222356975,Strong Match,Laptop,Nearing Expiry,1.0,Yes,Yes,5.0,Yes,Yes,0.0,No,No,Not Applicable,Not Applicable,Yes,Yes,Yes,No,No,No,0.772
CLM01148,Manual Review,Valid Claim,0.7825008911271463,0.0272463160954658,0.1902527927773879,0.7825008911271463,CLM01148_v01.png,Valid Claim,0.7151595950126648,0.0105449557304382,0.2742954790592193,0.7151595950126648,YES,0.06734129611448147,Acceptable Match,Washing Machine,Active,360.0,Yes,Yes,17.0,Yes,Unknown,0.0,No,Yes,Yes,,Yes,Yes,Yes,No,No,No,0.91
CLM01165,Manual Review,Manual Review,0.002295387285981,0.0082886120613208,0.989416000652698,0.989416000652698,CLM01165_v01.png,Manual Review,0.0146799581125378,0.1164716184139251,0.868848443031311,0.868848443031311,YES,0.12056755762138693,Acceptable Match,Refrigerator,Active,253.0,Yes,Yes,10.0,Yes,No,2.0,Yes,No,Not Applicable,Not Applicable,Yes,Yes,Yes,No,No,No,0.494
CLM01171,Manual Review,Manual Review,0.002295387285981,0.0082886120613208,0.989416000652698,0.989416000652698,CLM01171_v01.png,Manual Review,0.0280950907617807,0.0960522815585136,0.8758525848388672,0.8758525848388672,YES,0.11356341581383078,Acceptable Match,Air Conditioner,Active,53.0,Yes,Yes,5.0,Yes,No,1.0,Yes,No,Not Applicable,Not Applicable,Yes,Yes,Yes,No,No,No,0.481
CLM01173,Manual Review,Manual Review,0.0448532017694709,0.0280489166319512,0.927097881598578,0.927097881598578,CLM01173_v01.png,Manual Review,0.0218039564788341,0.1800202578306198,0.7981758117675781,0.7981758117675781,YES,0.12892206983099985,Acceptable Match,Smartphone,Active,214.0,Yes,Yes,14.0,Yes,Yes,0.0,No,No,Not Applicable,Not Applicable,Unknown,Unknown,Yes,No,No,No,0.908
CLM01177,Valid Claim,Valid Claim,0.9476876508453425,0.019012392289728,0.0332999568649297,0.9476876508453425,CLM01177_v01.png,Valid Claim,0.8813143968582153,0.0531493499875068,0.0655362010002136,0.8813143968582153,YES,0.06637325398712712,Strong Match,Refrigerator,Active,127.0,Yes,Yes,22.0,Yes,Yes,0.0,No,No,Not Applicable,Not Applicable,Yes,Yes,Yes,No,No,No,0.832
CLM01188,Manual Review,Valid Claim,0.8042346909559079,0.0245237027332373,0.1712416063108546,0.8042346909559079,CLM01188_v01.png,Valid Claim,0.7685966491699219,0.008352861739695,0.2230505496263504,0.7685966491699219,YES,0.03563804178598606,Acceptable Match,Television,Active,357.0,Yes,Yes,4.0,Yes,Unknown,0.0,No,Yes,Yes,,Yes,Yes,Yes,No,No,No,0.884
CLM01192,Manual Review,Manual Review,0.106482007624138,0.0391750332812179,0.854342959094644,0.854342959094644,CLM01192_v01.png,Valid Claim,0.8895174264907837,0.0500955432653427,0.0603871010243892,0.8895174264907837,NO,0.03517446739613972,Model Disagreement,Air Conditioner,Active,119.0,Yes,Yes,10.0,Yes,Yes,0.0,No,No,Not Applicable,Not Applicable,Yes,Yes,Yes,No,No,Yes,0.905
CLM01205,Valid Claim,Valid Claim,0.9476876508453425,0.019012392289728,0.0332999568649297,0.9476876508453425,CLM01205_v01.png,Valid Claim,0.841989278793335,0.1046384796500206,0.0533722527325153,0.841989278793335,YES,0.1056983720520075,Acceptable Match,Camera,Active,89.0,Yes,Yes,24.0,Yes,Yes,0.0,No,No,Not Applicable,Not Applicable,Yes,Yes,Yes,No,No,No,0.794
CLM01211,Manual Review,Manual Review,0.0401108421304382,0.0266630604744759,0.9332260973950858,0.9332260973950858,CLM01211_v01.png,Valid Claim,0.7790955901145935,0.0999874845147132,0.1209168955683708,0.7790955901145935,NO,0.15413050728049227,Model Disagreement,Television,Active,44.0,Yes,Yes,13.0,Yes,Unknown,0.0,Unknown,No,Not Applicable,Not Applicable,Yes,Yes,Yes,No,No,No,0.68
CLM01215,Valid Claim,Valid Claim,0.9406865647930144,0.0215568659490447,0.037756569257941,0.9406865647930144,CLM01215_v01.png,Valid Claim,0.8726754784584045,0.0817576125264167,0.0455668866634368,0.8726754784584045,YES,0.06801108633460984,Strong Match,Washing Machine,Active,324.0,Yes,Yes,9.0,Yes,Yes,0.0,No,Yes,Yes,Yes,Yes,Yes,Yes,No,No,No,0.761
CLM01219,Valid Claim,Valid Claim,0.9476876508453425,0.019012392289728,0.0332999568649297,0.9476876508453425,CLM01219_v01.png,Valid Claim,0.9000670909881592,0.0443099066615104,0.0556230247020721,0.9000670909881592,YES,0.047620559857183276,Strong Match,Air Conditioner,Active,160.0,Yes,Yes,19.0,Yes,Yes,0.0,No,No,Not Applicable,Not Applicable,Yes,Yes,Yes,No,No,No,0.889
CLM01220,Valid Claim,Valid Claim,0.9406865647930144,0.0215568659490447,0.037756569257941,0.9406865647930144,CLM01220_v01.png,Valid Claim,0.8793666958808899,0.0613284781575202,0.0593048259615898,0.8793666958808899,YES,0.06131986891212449,Strong Match,Air Conditioner,Active,313.0,Yes,Yes,6.0,Yes,Yes,0.0,No,Yes,Yes,Yes,Yes,Yes,Yes,No,No,No,0.886
CLM01225,Valid Claim,Valid Claim,0.9476876508453425,0.019012392289728,0.0332999568649297,0.9476876508453425,CLM01225_v01.png,Valid Claim,0.862739622592926,0.0676797553896904,0.0695805847644805,0.862739622592926,YES,0.08494802825241643,Strong Match,Smartphone,Active,107.0,Yes,Yes,14.0,Yes,Yes,0.0,No,No,Not Applicable,Not Applicable,Yes,Yes,Yes,No,No,No,0.992
CLM01242,Manual Review,Manual Review,0.106482007624138,0.0391750332812179,0.854342959094644,0.854342959094644,CLM01242_v01.png,Valid Claim,0.876434862613678,0.0647047311067581,0.0588604137301445,0.876434862613678,NO,0.022091903519034006,Model Disagreement,Refrigerator,Active,341.0,Yes,Yes,11.0,Yes,Yes,0.0,No,No,Not Applicable,Not Applicable,Yes,Yes,Yes,No,No,Yes,0.76
CLM01243,Manual Review,Manual Review,0.0020709554465155,0.0077837354035324,0.990145309149952,0.990145309149952,CLM01243_v01.png,Manual Review,0.00062476209132,0.0442084893584251,0.955166757106781,0.955166757106781,YES,0.03497855204317102,Strong Match,Air Conditioner,Active,207.0,Yes,Yes,10.0,Yes,No,1.0,Yes,No,Not Applicable,,Unknown,Unknown,Yes,No,No,No,0.805
CLM01261,Manual Review,Manual Review,0.0125213676425293,0.0193513882723616,0.968127244085109,0.968127244085109,CLM01261_v01.png,Manual Review,0.0003775455115828,0.0980632826685905,0.9015591740608216,0.9015591740608216,YES,0.06656807002428733,Strong Match,Refrigerator,Active,172.0,Yes,Yes,19.0,Yes,No,1.0,No,Yes,Yes,No,Yes,Yes,Yes,No,No,No,0.754
CLM01267,Valid Claim,Valid Claim,0.9480851735120636,0.0188679167116686,0.0330469097762677,0.9480851735120636,CLM01267_v01.png,Valid Claim,0.8946152925491333,0.0598648525774478,0.0455198809504509,0.8946152925491333,YES,0.05346988096293026,Strong Match,Refrigerator,Active,91.0,Yes,Yes,6.0,Yes,Yes,0.0,No,No,Not Applicable,Not Applicable,Yes,Yes,Yes,No,No,No,0.858
CLM01268,Manual Review,Manual Review,0.0135714269996414,0.0180139468359465,0.968414626164412,0.968414626164412,CLM01268_v01.png,Manual Review,0.0068989070132374,0.0612087845802307,0.9318922758102416,0.9318922758102416,YES,0.036522350354170396,Strong Match,Air Conditioner,Active,243.0,Yes,Yes,11.0,Yes,No,1.0,No,No,Not Applicable,Not Applicable,Yes,Yes,Yes,No,No,No,0.985
CLM01269,Valid Claim,Valid Claim,0.9480851735120636,0.0188679167116686,0.0330469097762677,0.9480851735120636,CLM01269_v01.png,Valid Claim,0.8555388450622559,0.0880098268389701,0.0564512833952903,0.8555388450622559,YES,0.0925463284498077,Strong Match,Smartphone,Active,286.0,Yes,Yes,3.0,Yes,Yes,0.0,No,No,Not Applicable,Not Applicable,Yes,Yes,Yes,No,No,No,0.747
CLM01270,Manual Review,Manual Review,0.0145056512714073,0.0193125027292352,0.9661818459993572,0.9661818459993572,CLM01270_v01.png,Manual Review,0.0062738889828324,0.0158868711441755,0.9778392314910888,0.9778392314910888,YES,0.011657385491731564,Strong Match,Air Conditioner,Active,109.0,Yes,Yes,8.0,Yes,No,1.0,No,No,Not Applicable,,Yes,Yes,Yes,No,No,No,0.932
CLM01275,Manual Review,Manual Review,0.0126212619653138,0.0193494306666342,0.9680293073680518,0.9680293073680518,CLM01275_v01.png,Manual Review,0.0032186030875891,0.0051638013683259,0.9916176199913024,0.9916176199913024,YES,0.023588312623250562,Strong Match,Refrigerator,Active,121.0,Yes,Yes,2.0,Yes,No,1.0,No,Yes,Yes,,Yes,Yes,Yes,No,No,No,0.94
CLM01281,Manual Review,Manual Review,0.0019501367557336,0.0082914802927319,0.9897583829515342,0.9897583829515342,CLM01281_v01.png,Manual Review,0.0064514782279729,0.098129503428936,0.8954190611839294,0.8954190611839294,YES,0.09433932176760473,Strong Match,Printer,Nearing Expiry,6.0,Yes,Yes,30.0,Yes,No,1.0,No,Yes,Yes,Yes,Yes,Yes,Yes,No,No,No,0.617
CLM01286,Valid Claim,Valid Claim,0.9480851735120636,0.0188679167116686,0.0330469097762677,0.9480851735120636,CLM01286_v01.png,Valid Claim,0.7999420166015625,0.1681030839681625,0.0319549515843391,0.7999420166015625,YES,0.14814315691050106,Acceptable Match,Washing Machine,Active,49.0,Yes,Yes,11.0,Yes,Yes,0.0,No,No,Not Applicable,Not Applicable,Yes,Yes,Yes,No,No,No,0.725
CLM01287,Valid Claim,Valid Claim,0.9476876508453425,0.019012392289728,0.0332999568649297,0.9476876508453425,CLM01287_v01.png,Valid Claim,0.8454096913337708,0.1133308932185173,0.0412594676017761,0.8454096913337708,YES,0.1022779595115717,Acceptable Match,Washing Machine,Active,94.0,Yes,Yes,17.0,Yes,Yes,0.0,No,No,Not Applicable,Not Applicable,Yes,Yes,Yes,No,No,No,0.734
CLM01288,Manual Review,Manual Review,0.0134238646192623,0.0180166415884586,0.968559493792279,0.968559493792279,CLM01288_v01.png,Manual Review,0.0067117186263203,0.048761248588562,0.94452702999115,0.94452702999115,YES,0.024032463801129,Strong Match,Smartphone,Active,122.0,Yes,Yes,16.0,Yes,No,1.0,No,No,Not Applicable,Not Applicable,Yes,Yes,Yes,No,No,No,0.98
CLM01293,Manual Review,Manual Review,0.001993990403568,0.0082911159705972,0.9897148936258346,0.9897148936258346,CLM01293_v01.png,Manual Review,0.0003977778833359,0.1799159198999405,0.8196862936019897,0.8196862936019897,YES,0.1700286000238449,Acceptable Match,Camera,Active,73.0,Yes,Yes,5.0,Yes,No,1.0,No,Yes,Yes,No,Yes,Yes,Yes,No,No,No,0.577
CLM01305,Valid Claim,Valid Claim,0.9480851735120636,0.0188679167116686,0.0330469097762677,0.9480851735120636,CLM01305_v01.png,Valid Claim,0.8749533891677856,0.0273894406855106,0.0976571440696716,0.8749533891677856,YES,0.07313178434427792,Strong Match,Air Conditioner,Active,304.0,Yes,Yes,11.0,Yes,Yes,0.0,No,No,Not Applicable,,Yes,Yes,Yes,No,No,No,0.812
CLM01315,Manual Review,Manual Review,0.014391059829087,0.0193147483509837,0.9662941918199291,0.9662941918199291,CLM01315_v01.png,Manual Review,0.0107855023816227,0.0655590370297432,0.9236554503440856,0.9236554503440856,YES,0.04263874147584357,Strong Match,Laptop,Active,61.0,Yes,Yes,13.0,Yes,No,1.0,No,No,Not Applicable,Not Applicable,Yes,Yes,Yes,No,No,No,0.844
CLM01337,Valid Claim,Valid Claim,0.9480851735120636,0.0188679167116686,0.0330469097762677,0.9480851735120636,CLM01337_v01.png,Valid Claim,0.8460099101066589,0.0236070621758699,0.1303830593824386,0.8460099101066589,YES,0.10207526340540463,Acceptable Match,Laptop,Active,183.0,Yes,Yes,,Unknown,Yes,0.0,No,No,Not Applicable,,Yes,Yes,Yes,No,No,No,0.807
CLM01349,Valid Claim,Valid Claim,0.9480851735120636,0.0188679167116686,0.0330469097762677,0.9480851735120636,CLM01349_v01.png,Valid Claim,0.8656250834465027,0.0646146461367607,0.0697603076696395,0.8656250834465027,YES,0.08246009006556088,Strong Match,Printer,Active,248.0,Yes,Yes,12.0,Yes,Yes,0.0,No,No,Not Applicable,,Yes,Yes,Yes,No,Yes,No,0.768
CLM01357,Manual Review,Manual Review,0.0145056512714073,0.0193125027292352,0.9661818459993572,0.9661818459993572,CLM01357_v01.png,Manual Review,0.0411776341497898,0.1174014285206794,0.8414210081100464,0.8414210081100464,YES,0.1247608378893108,Acceptable Match,Laptop,Active,259.0,Yes,Yes,8.0,Yes,No,1.0,Yes,No,Not Applicable,Not Applicable,Yes,Yes,Yes,No,No,No,0.962
CLM01362,Valid Claim,Valid Claim,0.9480851735120636,0.0188679167116686,0.0330469097762677,0.9480851735120636,CLM01362_v01.png,Valid Claim,0.8469052314758301,0.0946655645966529,0.0584291666746139,0.8469052314758301,YES,0.10117994203623348,Acceptable Match,Washing Machine,Active,238.0,Yes,Yes,6.0,Yes,Yes,0.0,No,No,Not Applicable,Not Applicable,Yes,Yes,Yes,No,No,No,0.739
CLM01367,Manual Review,Manual Review,0.014391059829087,0.0193147483509837,0.9662941918199291,0.9662941918199291,CLM01367_v01.png,Manual Review,0.0233393218368291,0.1377714127302169,0.8388893604278564,0.8388893604278564,YES,0.1274048313920727,Acceptable Match,Camera,Active,280.0,Yes,Yes,25.0,Yes,No,1.0,Yes,No,Not Applicable,Not Applicable,Yes,Yes,Yes,No,No,No,0.805
CLM01377,Manual Review,Manual Review,0.3183173749861811,0.029538616402163,0.6521440086116558,0.6521440086116558,CLM01377_v01.png,Manual Review,0.0210882704704999,0.0393008291721344,0.9396108388900756,0.9396108388900756,YES,0.2874668302784198,Weak Match,Air Conditioner,Active,314.0,Yes,Yes,2.0,Yes,Unknown,0.0,No,Yes,Unknown,,Yes,Yes,Yes,No,No,No,
CLM01384,Valid Claim,Valid Claim,0.9480851735120636,0.0188679167116686,0.0330469097762677,0.9480851735120636,CLM01384_v01.png,Valid Claim,0.8686265349388123,0.046317733824253,0.085055686533451,0.8686265349388123,YES,0.0794586385732513,Strong Match,Camera,Active,32.0,Yes,Yes,,Unknown,Yes,0.0,No,No,Not Applicable,Not Applicable,Yes,Yes,Yes,No,No,No,0.927
CLM01385,Manual Review,Manual Review,0.0097048514612853,0.0194065828825665,0.970888565656148,0.970888565656148,CLM01385_v01.png,Manual Review,0.0040087308734655,0.1307641267776489,0.8652271628379822,0.8652271628379822,YES,0.10566140281816583,Acceptable Match,Washing Machine,Nearing Expiry,0.0,Yes,Yes,22.0,Yes,No,1.0,No,Yes,Yes,Yes,Yes,Yes,Yes,No,No,No,0.897
CLM01390,Manual Review,Manual Review,0.0145056512714073,0.0193125027292352,0.9661818459993572,0.9661818459993572,CLM01390_v01.png,Manual Review,0.0193323958665132,0.1437853425741195,0.8368822336196899,0.8368822336196899,YES,0.12929961237966725,Acceptable Match,Washing Machine,Active,220.0,Yes,Yes,4.0,Yes,No,1.0,Yes,No,Not Applicable,Not Applicable,Yes,Yes,Yes,No,No,No,0.96
CLM01409,Valid Claim,Valid Claim,0.9476876508453425,0.019012392289728,0.0332999568649297,0.9476876508453425,CLM01409_v01.png,Valid Claim,0.865181565284729,0.0836406201124191,0.0511778779327869,0.865181565284729,YES,0.08250608556061345,Strong Match,Washing Machine,Active,145.0,Yes,Yes,16.0,Yes,Yes,0.0,No,No,Not Applicable,Not Applicable,Yes,Yes,Yes,No,No,No,0.992
CLM01411,Manual Review,Manual Review,0.0145056512714073,0.0193125027292352,0.9661818459993572,0.9661818459993572,CLM01411_v01.png,Manual Review,0.0339289270341396,0.0759352222084999,0.8901358246803284,0.8901358246803284,YES,0.07604602131902882,Strong Match,Refrigerator,Active,143.0,Yes,Yes,9.0,Yes,No,1.0,Yes,No,Not Applicable,Not Applicable,Yes,Yes,Yes,No,No,No,0.806
CLM01422,Manual Review,Manual Review,0.0509617782705917,0.0274830563972399,0.9215551653321684,0.9215551653321684,CLM01422_v01.png,Valid Claim,0.874178409576416,0.0828144922852516,0.0430071502923965,0.874178409576416,NO,0.0473767557557524,Model Disagreement,Printer,Active,130.0,Yes,Yes,14.0,Yes,Yes,0.0,No,No,Not Applicable,Not Applicable,Yes,Yes,Yes,No,No,No,0.653
CLM01429,Manual Review,Manual Review,0.0123465751739295,0.0193548136395707,0.9682986111864996,0.9682986111864996,CLM01429_v01.png,Manual Review,0.0003465732152108,0.2153098881244659,0.7843435406684875,0.7843435406684875,YES,0.18395507051801208,Acceptable Match,Washing Machine,Active,218.0,Yes,Yes,30.0,Yes,No,1.0,No,Yes,Yes,No,Yes,Yes,Yes,No,No,No,0.925
CLM01431,Manual Review,Manual Review,0.0451992299580871,0.0280387551407199,0.9267620149011928,0.9267620149011928,CLM01431_v01.png,Manual Review,0.0178155526518821,0.1879547834396362,0.7942296266555786,0.7942296266555786,YES,0.1325323882456142,Acceptable Match,Camera,Active,209.0,Yes,Yes,7.0,Yes,Yes,0.0,No,No,Not Applicable,Not Applicable,Unknown,Unknown,Yes,No,No,No,0.76
CLM01440,Manual Review,Manual Review,0.0481243739412143,0.029853330211364,0.9220222958474216,0.9220222958474216,CLM01440_v01.png,Manual Review,0.1700239777565002,0.1380772888660431,0.6918987035751343,0.6918987035751343,YES,0.2301235922722873,Weak Match,Camera,Unknown,,Yes,Yes,,Unknown,Yes,0.0,No,No,Not Applicable,Not Applicable,Unknown,Unknown,Yes,No,No,No,0.737
CLM01455,Manual Review,Manual Review,0.1570461213320627,0.0846930298746567,0.7582608487932805,0.7582608487932805,CLM01455_v01.png,Valid Claim,0.8850669860839844,0.0653522312641143,0.049580842256546,0.8850669860839844,NO,0.1268061372907039,Model Disagreement,Laptop,Active,200.0,Yes,Yes,16.0,Yes,Yes,0.0,No,No,Not Applicable,Not Applicable,Yes,Yes,Yes,No,No,No,0.694
CLM01470,Manual Review,Manual Review,0.014391059829087,0.0193147483509837,0.9662941918199291,0.9662941918199291,CLM01470_v01.png,Manual Review,0.0073067438788712,0.0414965152740478,0.9511967301368712,0.9511967301368712,YES,0.015097461683057922,Strong Match,Air Conditioner,Active,313.0,Yes,Yes,14.0,Yes,No,1.0,No,No,Not Applicable,Not Applicable,Yes,Yes,Yes,No,No,No,0.973
CLM01475,Manual Review,Manual Review,0.014391059829087,0.0193147483509837,0.9662941918199291,0.9662941918199291,CLM01475_v01.png,Manual Review,0.0364416576921939,0.089919164776802,0.8736391663551331,0.8736391663551331,YES,0.09265502546479609,Strong Match,Refrigerator,Active,139.0,Yes,Yes,20.0,Yes,No,1.0,Yes,No,Not Applicable,Not Applicable,Yes,Yes,Yes,No,No,No,0.855
CLM01483,Manual Review,Manual Review,0.005000821740837,0.0122794833774161,0.9827196948817466,0.9827196948817466,CLM01483_v01.png,Manual Review,9.2998898253e-06,0.4300380051136017,0.569952666759491,0.569952666759491,YES,0.41276702812225563,Uncertain Result,Television,Active,315.0,Yes,Yes,13.0,Yes,No,1.0,No,Yes,Yes,No,Yes,Yes,No,No,No,No,0.753
CLM01484,Manual Review,Manual Review,0.014391059829087,0.0193147483509837,0.9662941918199291,0.9662941918199291,CLM01484_v01.png,Manual Review,0.011204482987523,0.0567468665540218,0.9320487380027772,0.9320487380027772,YES,0.03424545381715194,Strong Match,Printer,Active,178.0,Yes,Yes,17.0,Yes,No,1.0,No,No,Not Applicable,Not Applicable,Yes,Yes,Yes,No,No,No,0.814
CLM01493,Manual Review,Manual Review,0.0145056512714073,0.0193125027292352,0.9661818459993572,0.9661818459993572,CLM01493_v01.png,Manual Review,0.0091058844700455,0.0618707127869129,0.9290234446525574,0.9290234446525574,YES,0.03715840134679982,Strong Match,Printer,Active,175.0,Yes,Yes,4.0,Yes,No,1.0,No,No,Not Applicable,Not Applicable,Yes,Yes,Yes,No,No,No,0.913
CLM01500,Manual Review,Manual Review,0.0896631699744272,0.0183046966835972,0.8920321333419755,0.8920321333419755,CLM01500_v01.png,Invalid Claim,0.0447503738105297,0.7067217826843262,0.2485277652740478,0.7067217826843262,NO,0.18531035065764934,Model Disagreement,Smartphone,Nearing Expiry,29.0,Yes,Yes,9.0,Yes,Yes,0.0,No,Yes,Unknown,Yes,Yes,Yes,Yes,No,No,No,
